<?xml version="1.0" encoding="UTF-8"?>
<data xmlns="http://www.woltlab.com" xmlns:xsi="http://www.w3.org/2001/XMLSchema-instance" xsi:schemaLocation="http://www.woltlab.com http://www.woltlab.com/XSD/2019/menuItem.xsd">
	<import>
		<item identifier="com.woltlab.wcf.Dashboard">
			<menu>com.woltlab.wcf.MainMenu</menu>
			<title language="de">Dashboard</title>
			<title language="en">Dashboard</title>
			<page>com.woltlab.wcf.Dashboard</page>
		</item>
	</import>

	<delete>
		<item identifier="com.woltlab.wcf.FooterLinks" />
	</delete>
</data>