<?xml version="1.0" encoding="UTF-8"?>
<data xmlns="http://www.woltlab.com" xmlns:xsi="http://www.w3.org/2001/XMLSchema-instance" xsi:schemaLocation="http://www.woltlab.com http://www.woltlab.com/XSD/6.0/aclOption.xsd">
	<import>
		<options>
			<option name="canViewLabel">
				<objecttype>com.woltlab.wcf.label</objecttype>
			</option>
			<option name="canSetLabel">
				<objecttype>com.woltlab.wcf.label</objecttype>
			</option>
			<option name="canReadArticle">
				<objecttype>com.woltlab.wcf.article.category</objecttype>
			</option>
		</options>
	</import>
</data>
