<?xml version="1.0" encoding="UTF-8"?>
<data xmlns="http://www.woltlab.com" xmlns:xsi="http://www.w3.org/2001/XMLSchema-instance" xsi:schemaLocation="http://www.woltlab.com http://www.woltlab.com/XSD/6.0/acpTemplateDelete.xsd">
	<delete>
		<template>__dialogForm</template>
		<template>__formFieldFooter</template>
		<template>__integerFormField</template>
		<template>__multifactorBackupCodeField</template>
		<template>__multifactorEmailCodeField</template>
		<template>__multifactorTotpCodeField</template>
		<template>applicationGroupAdd</template>
		<template>avatarCropDialog</template>
		<template>categorySelectList</template>
		<template>dashboardList</template>
		<template>dashboardOption</template>
		<template>devtoolsFormBuilderTest</template>
		<template>languageServerAdd</template>
		<template>languageServerList</template>
		<template>mainMenu</template>
		<template>mainMenuSubMenu</template>
		<template>masterPassword</template>
		<template>masterPasswordInit</template>
		<template>mediaAdd</template>
		<template>optionImport</template>
		<template>optionTypeCustomselect</template>
		<template>optionTypeDate</template>
		<template>packageAutoUpdateList</template>
		<template>packageListPlugins</template>
		<template>packageUninstallationDependencies</template>
		<template>packageUpdateAuth</template>
		<template>packageUpdateSearch</template>
		<template>packageUpdateSearchResult</template>
		<template>pageLanding</template>
		<template>pageMenuItemAdd</template>
		<template>pageMenuItemList</template>
		<template>pageMenuMobile</template>
		<template>reactionTypeIcon</template>
		<template>setupFooter</template>
		<template>setupHeader</template>
		<template>setupWindowFooter</template>
		<template>setupWindowHeader</template>
		<template>styleVariableColor</template>
		<template>styleVariableUnit</template>
		<template>userBulkProcessing</template>
		<template>userGroupPromoteOwner</template>
		<template>usersMassProcessing</template>
		<template>workerException</template>
		<template>workerFinish</template>
		<template>workerNext</template>
		<template>__wysiwygPreviewFormButton</template>
		<template>__formButton</template>
		<template>__wysiwygSmileyFormContainer</template>
		<template>__wysiwygTabMenuFormContainer</template>
		<template>__formContainer</template>
		<template>__rowFormContainer</template>
		<template>__rowFormFieldContainer</template>
		<template>__suffixFormFieldContainer</template>
		<template>__tabFormContainer</template>
		<template>__tabMenuFormContainer</template>
		<template>__tabTabMenuFormContainer</template>
		<template>__simpleAclFormField</template>
		<template>__aclFormField</template>
		<template>__bbcodeAttributesFormField</template>
		<template>__emptyFormFieldDependency</template>
		<template>__isNotClickedFormFieldDependency</template>
		<template>__nonEmptyFormFieldDependency</template>
		<template>__valueFormFieldDependency</template>
		<template>__valueIntervalFormFieldDependency</template>
		<template>__labelFormField</template>
		<template>__contentLanguageFormField</template>
		<template>__singleMediaSelectionFormField</template>
		<template>__pollOptionsFormField</template>
		<template>__tagFormField</template>
		<template>__userFormField</template>
		<template>__usernameFormField</template>
		<template>__userPasswordFormField</template>
		<template>__formFieldError</template>
		<template>__wysiwygAttachmentFormField</template>
		<template>__wysiwygFormField</template>
		<template>__numericFormField</template>
		<template>__booleanFormField</template>
		<template>__buttonFormField</template>
		<template>__captchaFormField</template>
		<template>__checkboxFormField</template>
		<template>__colorFormField</template>
		<template>__dateFormField</template>
		<template>__emailFormField</template>
		<template>__hiddenFormField</template>
		<template>__iconFormField</template>
		<template>__itemListFormField</template>
		<template>__multilineTextFormField</template>
		<template>__multipleSelectionFormField</template>
		<template>__passwordFormField</template>
		<template>__radioButtonFormField</template>
		<template>__ratingFormField</template>
		<template>__selectFormField</template>
		<template>__sourceCodeFormField</template>
		<template>__uploadFormField</template>
		<template>__wysiwygSmileyFormNode</template>
		<template>__form</template>
		<template>__formContainerChildren</template>
		<template>__formContainerDependencies</template>
		<template>__formField</template>
		<template>__formFieldDependencies</template>
		<template>__formFieldDescription</template>
		<template>__formFieldErrors</template>
		<template>__singleSelectionFormField</template>
		<template>__formFieldDataHandler</template>
		<template>__mediaSetCategoryDialog</template>
		<template>__messageQuoteManager</template>
		<template>__topReaction</template>
		<template>__wysiwygCmsToolbar</template>
		<template>aclPermissionJavaScript</template>
		<template>aclSimple</template>
		<template>articleAddDialog</template>
		<template>benchmark</template>
		<template>booleanOptionType</template>
		<template>booleanSearchableOptionType</template>
		<template>captcha</template>
		<template>categoryOptionList</template>
		<template>checkboxesOptionType</template>
		<template>checkboxesSearchableOptionType</template>
		<template>codeMetaCode</template>
		<template>codemirror</template>
		<template>colorPickerJavaScript</template>
		<template>fontAwesomeJavaScript</template>
		<template>formError</template>
		<template>formNotice</template>
		<template>formSuccess</template>
		<template>languageChooser</template>
		<template>lineBreakSeparatedTextOptionType</template>
		<template>mediaManager</template>
		<template>messageFormAttachments</template>
		<template>messageTableOfContents</template>
		<template>multipleLanguageInputJavascript</template>
		<template>passwordStrengthLanguage</template>
		<template>quoteMetaCode</template>
		<template>radioButtonSearchableOptionType</template>
		<template>recaptcha</template>
		<template>scrollablePageCheckboxList</template>
		<template>sitemapEnd</template>
		<template>sitemapStart</template>
		<template>trophyImage</template>
		<template>unfurlUrl</template>
		<template>uploadFieldComponent</template>
		<template>userBBCodeTag</template>
		<template>userConditions</template>
		<template>userOptionsCondition</template>
		<template>worker</template>
		<template>wysiwyg</template>
		<template>articleBBCode</template>
		<template>mediaBBCodeTag</template>
		<template>groupBBCodeTag</template>
		<template>__videoAttachmentBBCode</template>
		<template>__audioAttachmentBBCode</template>
		<template>__multiPageCondition</template>
		<template>__multilineItemListFormField</template>
		<template>imageViewer</template>
		<template>tagSetAsSynonyms</template>
		<template>contactSettings</template>
	</delete>
</data>
