<?xml version="1.0" encoding="UTF-8"?>
<data xmlns="http://www.woltlab.com" xmlns:xsi="http://www.w3.org/2001/XMLSchema-instance" xsi:schemaLocation="http://www.woltlab.com http://www.woltlab.com/XSD/6.0/coreObject.xsd">
	<import>
		<coreobject>
			<objectname>wcf\system\breadcrumb\Breadcrumbs</objectname>
		</coreobject>
		<coreobject>
			<objectname>wcf\system\menu\acp\ACPMenu</objectname>
		</coreobject>
		<coreobject>
			<objectname>wcf\system\benchmark\Benchmark</objectname>
		</coreobject>
		<coreobject>
			<objectname>wcf\system\MetaTagHandler</objectname>
		</coreobject>
		<coreobject>
			<objectname>wcf\system\bbcode\BBCodeHandler</objectname>
		</coreobject>
		<coreobject>
			<objectname>wcf\system\user\UserProfileHandler</objectname>
		</coreobject>
		<coreobject>
			<objectname>wcf\system\menu\user\profile\UserProfileMenu</objectname>
		</coreobject>
		<coreobject>
			<objectname>wcf\system\menu\user\UserMenu</objectname>
		</coreobject>
		<coreobject>
			<objectname>wcf\system\user\notification\UserNotificationHandler</objectname>
		</coreobject>
		<coreobject>
			<objectname>wcf\system\user\object\watch\UserObjectWatchHandler</objectname>
		</coreobject>
		<coreobject>
			<objectname>wcf\system\moderation\queue\ModerationQueueManager</objectname>
		</coreobject>
		<coreobject>
			<objectname>wcf\system\notice\NoticeHandler</objectname>
		</coreobject>
		<coreobject>
			<objectname>wcf\system\ad\AdHandler</objectname>
		</coreobject>
		<coreobject>
			<objectname>wcf\data\smiley\SmileyCache</objectname>
		</coreobject>
		<coreobject>
			<objectname>wcf\system\poll\PollManager</objectname>
		</coreobject>
		<coreobject>
			<objectname>wcf\system\search\SearchEngine</objectname>
		</coreobject>
		<coreobject>
			<objectname>wcf\system\reaction\ReactionHandler</objectname>
		</coreobject>
		<coreobject>
			<objectname>wcf\system\file\upload\UploadHandler</objectname>
		</coreobject>
		<coreobject>
			<objectname>wcf\system\message\quote\MessageQuoteManager</objectname>
		</coreobject>
	</import>
	<delete>
		<coreobject name="wcf\system\user\authentication\UserAuthenticationFactory"/>
		<coreobject name="wcf\system\request\LinkHandler"/>
	</delete>
</data>
