<?xml version="1.0" encoding="UTF-8"?>
<data xmlns="http://www.woltlab.com" xmlns:xsi="http://www.w3.org/2001/XMLSchema-instance" xsi:schemaLocation="http://www.woltlab.com http://www.woltlab.com/XSD/6.0/fileDelete.xsd">
	<delete>
		<file>acp/js/WCF.ACP.Language.js</file>
		<file>acp/js/WCF.ACP.Language.min.js</file>
		<file>js/WCF.ImageViewer.js</file>
		<file>js/WoltLabSuite/Core/Acp/Ui/Language/ItemList.js</file>
		<file>js/WoltLabSuite/Core/Ui/User/CoverPhoto/Delete.js</file>
		<file>js/WoltLabSuite/Core/Ui/User/CoverPhoto/Upload.js</file>
		<file>lib/form/AvatarEditForm.class.php</file>
		<file>lib/system/api/cuyz/valinor/qa/PHPStan/Stubs/Psr/SimpleCache/CacheInterface.stub</file>
		<file>lib/system/api/cuyz/valinor/src/Cache/ChainCache.php</file>
		<file>lib/system/api/cuyz/valinor/src/Cache/WarmupCache.php</file>
		<file>lib/system/api/cuyz/valinor/src/Definition/Repository/Cache/CacheClassDefinitionRepository.php</file>
		<file>lib/system/api/cuyz/valinor/src/Mapper/Object/Factory/CacheObjectBuilderFactory.php</file>
		<file>lib/system/api/cuyz/valinor/src/Mapper/Source/IdentifiableSource.php</file>
		<file>lib/system/api/cuyz/valinor/src/Mapper/Tree/Builder/CasterNodeBuilder.php</file>
		<file>lib/system/api/cuyz/valinor/src/Mapper/Tree/Builder/CasterProxyNodeBuilder.php</file>
		<file>lib/system/api/cuyz/valinor/src/Mapper/Tree/Builder/ErrorCatcherNodeBuilder.php</file>
		<file>lib/system/api/cuyz/valinor/src/Mapper/Tree/Builder/IterableNodeBuilder.php</file>
		<file>lib/system/api/cuyz/valinor/src/Mapper/Tree/Builder/StrictNodeBuilder.php</file>
		<file>lib/system/api/cuyz/valinor/src/Mapper/Tree/Builder/TreeNode.php</file>
		<file>lib/system/api/cuyz/valinor/src/Mapper/Tree/Builder/ValueAlteringNodeBuilder.php</file>
		<file>lib/system/api/cuyz/valinor/src/Mapper/Tree/Exception/InvalidNodeHasNoMappedValue.php</file>
		<file>lib/system/api/cuyz/valinor/src/Mapper/Tree/Exception/NoCasterForType.php</file>
		<file>lib/system/api/cuyz/valinor/src/Mapper/Tree/Exception/SourceValueWasNotFilled.php</file>
		<file>lib/system/api/cuyz/valinor/src/Mapper/Tree/Node.php</file>
		<file>lib/system/api/cuyz/valinor/src/Mapper/Tree/NodeTraverser.php</file>
		<file>lib/system/api/cuyz/valinor/src/Normalizer/Formatter/StreamFormatter.php</file>
		<file>lib/system/api/cuyz/valinor/src/Normalizer/Transformer/EvaluatedTransformer.php</file>
		<file>lib/system/api/cuyz/valinor/src/Normalizer/Transformer/KeyTransformersHandler.php</file>
		<file>lib/system/api/cuyz/valinor/src/Normalizer/Transformer/ValueTransformersHandler.php</file>
		<file>lib/system/api/cuyz/valinor/src/Utility/Priority/HasPriority.php</file>
		<file>lib/system/api/cuyz/valinor/src/Utility/Priority/PrioritizedList.php</file>
		<file>lib/system/api/cuyz/valinor/src/Utility/PermissiveTypeFound.php</file>
		<file>lib/system/api/bin/pscss</file>
		<file>lib/system/api/scssphp/scssphp/bin/pscss</file>
		<file>lib/system/api/scssphp/scssphp/scss.inc.php</file>
		<file>lib/system/api/scssphp/scssphp/src/Base/Range.php</file>
		<file>lib/system/api/scssphp/scssphp/src/Block.php</file>
		<file>lib/system/api/scssphp/scssphp/src/Block/AtRootBlock.php</file>
		<file>lib/system/api/scssphp/scssphp/src/Block/CallableBlock.php</file>
		<file>lib/system/api/scssphp/scssphp/src/Block/ContentBlock.php</file>
		<file>lib/system/api/scssphp/scssphp/src/Block/DirectiveBlock.php</file>
		<file>lib/system/api/scssphp/scssphp/src/Block/EachBlock.php</file>
		<file>lib/system/api/scssphp/scssphp/src/Block/ElseBlock.php</file>
		<file>lib/system/api/scssphp/scssphp/src/Block/ElseifBlock.php</file>
		<file>lib/system/api/scssphp/scssphp/src/Block/ForBlock.php</file>
		<file>lib/system/api/scssphp/scssphp/src/Block/IfBlock.php</file>
		<file>lib/system/api/scssphp/scssphp/src/Block/MediaBlock.php</file>
		<file>lib/system/api/scssphp/scssphp/src/Block/NestedPropertyBlock.php</file>
		<file>lib/system/api/scssphp/scssphp/src/Block/WhileBlock.php</file>
		<file>lib/system/api/scssphp/scssphp/src/Cache.php</file>
		<file>lib/system/api/scssphp/scssphp/src/Compiler/CachedResult.php</file>
		<file>lib/system/api/scssphp/scssphp/src/Compiler/Environment.php</file>
		<file>lib/system/api/scssphp/scssphp/src/Exception/CompilerException.php</file>
		<file>lib/system/api/scssphp/scssphp/src/Exception/ParserException.php</file>
		<file>lib/system/api/scssphp/scssphp/src/Exception/RangeException.php</file>
		<file>lib/system/api/scssphp/scssphp/src/Exception/ServerException.php</file>
		<file>lib/system/api/scssphp/scssphp/src/Formatter.php</file>
		<file>lib/system/api/scssphp/scssphp/src/Formatter/Compact.php</file>
		<file>lib/system/api/scssphp/scssphp/src/Formatter/Compressed.php</file>
		<file>lib/system/api/scssphp/scssphp/src/Formatter/Crunched.php</file>
		<file>lib/system/api/scssphp/scssphp/src/Formatter/Debug.php</file>
		<file>lib/system/api/scssphp/scssphp/src/Formatter/Expanded.php</file>
		<file>lib/system/api/scssphp/scssphp/src/Formatter/Nested.php</file>
		<file>lib/system/api/scssphp/scssphp/src/Formatter/OutputBlock.php</file>
		<file>lib/system/api/scssphp/scssphp/src/Parser.php</file>
		<file>lib/system/api/scssphp/scssphp/src/SourceMap/SourceMapGenerator.php</file>
		<file>lib/system/clipboard/action/ArticleClipboardAction.class.php</file>
		<file>lib/system/clipboard/action/TagClipboardAction.class.php</file>
		<file>lib/system/clipboard/action/ModerationQueueReportClipboardAction.class.php</file>
		<file>lib/system/clipboard/action/ModerationQueueClipboardAction.class.php</file>
		<file>lib/system/clipboard/action/ModerationQueueActivationClipboardAction.class.php</file>
		<file>lib/system/upload/AvatarUploadFileSaveStrategy.class.php</file>
		<file>lib/system/upload/AvatarUploadFileValidationStrategy.class.php</file>
		<file>lib/system/upload/UserCoverPhotoUploadFileSaveStrategy.class.php</file>
		<file>lib/system/upload/UserCoverPhotoUploadFileValidationStrategy.class.php</file>

		<file>icon/font-awesome/v6/brands/42-group.svg</file>
		<file>icon/font-awesome/v6/brands/500px.svg</file>
		<file>icon/font-awesome/v6/brands/accessible-icon.svg</file>
		<file>icon/font-awesome/v6/brands/accusoft.svg</file>
		<file>icon/font-awesome/v6/brands/adn.svg</file>
		<file>icon/font-awesome/v6/brands/adversal.svg</file>
		<file>icon/font-awesome/v6/brands/affiliatetheme.svg</file>
		<file>icon/font-awesome/v6/brands/airbnb.svg</file>
		<file>icon/font-awesome/v6/brands/algolia.svg</file>
		<file>icon/font-awesome/v6/brands/alipay.svg</file>
		<file>icon/font-awesome/v6/brands/amazon-pay.svg</file>
		<file>icon/font-awesome/v6/brands/amazon.svg</file>
		<file>icon/font-awesome/v6/brands/amilia.svg</file>
		<file>icon/font-awesome/v6/brands/android.svg</file>
		<file>icon/font-awesome/v6/brands/angellist.svg</file>
		<file>icon/font-awesome/v6/brands/angrycreative.svg</file>
		<file>icon/font-awesome/v6/brands/angular.svg</file>
		<file>icon/font-awesome/v6/brands/app-store-ios.svg</file>
		<file>icon/font-awesome/v6/brands/app-store.svg</file>
		<file>icon/font-awesome/v6/brands/apper.svg</file>
		<file>icon/font-awesome/v6/brands/apple-pay.svg</file>
		<file>icon/font-awesome/v6/brands/apple.svg</file>
		<file>icon/font-awesome/v6/brands/artstation.svg</file>
		<file>icon/font-awesome/v6/brands/asymmetrik.svg</file>
		<file>icon/font-awesome/v6/brands/atlassian.svg</file>
		<file>icon/font-awesome/v6/brands/audible.svg</file>
		<file>icon/font-awesome/v6/brands/autoprefixer.svg</file>
		<file>icon/font-awesome/v6/brands/avianex.svg</file>
		<file>icon/font-awesome/v6/brands/aviato.svg</file>
		<file>icon/font-awesome/v6/brands/aws.svg</file>
		<file>icon/font-awesome/v6/brands/bandcamp.svg</file>
		<file>icon/font-awesome/v6/brands/battle-net.svg</file>
		<file>icon/font-awesome/v6/brands/behance.svg</file>
		<file>icon/font-awesome/v6/brands/bilibili.svg</file>
		<file>icon/font-awesome/v6/brands/bimobject.svg</file>
		<file>icon/font-awesome/v6/brands/bitbucket.svg</file>
		<file>icon/font-awesome/v6/brands/bitcoin.svg</file>
		<file>icon/font-awesome/v6/brands/bity.svg</file>
		<file>icon/font-awesome/v6/brands/black-tie.svg</file>
		<file>icon/font-awesome/v6/brands/blackberry.svg</file>
		<file>icon/font-awesome/v6/brands/blogger-b.svg</file>
		<file>icon/font-awesome/v6/brands/blogger.svg</file>
		<file>icon/font-awesome/v6/brands/bluesky.svg</file>
		<file>icon/font-awesome/v6/brands/bluetooth-b.svg</file>
		<file>icon/font-awesome/v6/brands/bluetooth.svg</file>
		<file>icon/font-awesome/v6/brands/bootstrap.svg</file>
		<file>icon/font-awesome/v6/brands/bots.svg</file>
		<file>icon/font-awesome/v6/brands/brave-reverse.svg</file>
		<file>icon/font-awesome/v6/brands/brave.svg</file>
		<file>icon/font-awesome/v6/brands/btc.svg</file>
		<file>icon/font-awesome/v6/brands/buffer.svg</file>
		<file>icon/font-awesome/v6/brands/buromobelexperte.svg</file>
		<file>icon/font-awesome/v6/brands/buy-n-large.svg</file>
		<file>icon/font-awesome/v6/brands/buysellads.svg</file>
		<file>icon/font-awesome/v6/brands/canadian-maple-leaf.svg</file>
		<file>icon/font-awesome/v6/brands/cc-amazon-pay.svg</file>
		<file>icon/font-awesome/v6/brands/cc-amex.svg</file>
		<file>icon/font-awesome/v6/brands/cc-apple-pay.svg</file>
		<file>icon/font-awesome/v6/brands/cc-diners-club.svg</file>
		<file>icon/font-awesome/v6/brands/cc-discover.svg</file>
		<file>icon/font-awesome/v6/brands/cc-jcb.svg</file>
		<file>icon/font-awesome/v6/brands/cc-mastercard.svg</file>
		<file>icon/font-awesome/v6/brands/cc-paypal.svg</file>
		<file>icon/font-awesome/v6/brands/cc-stripe.svg</file>
		<file>icon/font-awesome/v6/brands/cc-visa.svg</file>
		<file>icon/font-awesome/v6/brands/centercode.svg</file>
		<file>icon/font-awesome/v6/brands/centos.svg</file>
		<file>icon/font-awesome/v6/brands/chrome.svg</file>
		<file>icon/font-awesome/v6/brands/chromecast.svg</file>
		<file>icon/font-awesome/v6/brands/cloudflare.svg</file>
		<file>icon/font-awesome/v6/brands/cloudscale.svg</file>
		<file>icon/font-awesome/v6/brands/cloudsmith.svg</file>
		<file>icon/font-awesome/v6/brands/cloudversify.svg</file>
		<file>icon/font-awesome/v6/brands/cmplid.svg</file>
		<file>icon/font-awesome/v6/brands/codepen.svg</file>
		<file>icon/font-awesome/v6/brands/codiepie.svg</file>
		<file>icon/font-awesome/v6/brands/confluence.svg</file>
		<file>icon/font-awesome/v6/brands/connectdevelop.svg</file>
		<file>icon/font-awesome/v6/brands/contao.svg</file>
		<file>icon/font-awesome/v6/brands/cotton-bureau.svg</file>
		<file>icon/font-awesome/v6/brands/cpanel.svg</file>
		<file>icon/font-awesome/v6/brands/creative-commons-by.svg</file>
		<file>icon/font-awesome/v6/brands/creative-commons-nc-eu.svg</file>
		<file>icon/font-awesome/v6/brands/creative-commons-nc-jp.svg</file>
		<file>icon/font-awesome/v6/brands/creative-commons-nc.svg</file>
		<file>icon/font-awesome/v6/brands/creative-commons-nd.svg</file>
		<file>icon/font-awesome/v6/brands/creative-commons-pd-alt.svg</file>
		<file>icon/font-awesome/v6/brands/creative-commons-pd.svg</file>
		<file>icon/font-awesome/v6/brands/creative-commons-remix.svg</file>
		<file>icon/font-awesome/v6/brands/creative-commons-sa.svg</file>
		<file>icon/font-awesome/v6/brands/creative-commons-sampling-plus.svg</file>
		<file>icon/font-awesome/v6/brands/creative-commons-sampling.svg</file>
		<file>icon/font-awesome/v6/brands/creative-commons-share.svg</file>
		<file>icon/font-awesome/v6/brands/creative-commons-zero.svg</file>
		<file>icon/font-awesome/v6/brands/creative-commons.svg</file>
		<file>icon/font-awesome/v6/brands/critical-role.svg</file>
		<file>icon/font-awesome/v6/brands/css.svg</file>
		<file>icon/font-awesome/v6/brands/css3-alt.svg</file>
		<file>icon/font-awesome/v6/brands/css3.svg</file>
		<file>icon/font-awesome/v6/brands/cuttlefish.svg</file>
		<file>icon/font-awesome/v6/brands/d-and-d-beyond.svg</file>
		<file>icon/font-awesome/v6/brands/d-and-d.svg</file>
		<file>icon/font-awesome/v6/brands/dailymotion.svg</file>
		<file>icon/font-awesome/v6/brands/dart-lang.svg</file>
		<file>icon/font-awesome/v6/brands/dashcube.svg</file>
		<file>icon/font-awesome/v6/brands/debian.svg</file>
		<file>icon/font-awesome/v6/brands/deezer.svg</file>
		<file>icon/font-awesome/v6/brands/delicious.svg</file>
		<file>icon/font-awesome/v6/brands/deploydog.svg</file>
		<file>icon/font-awesome/v6/brands/deskpro.svg</file>
		<file>icon/font-awesome/v6/brands/dev.svg</file>
		<file>icon/font-awesome/v6/brands/deviantart.svg</file>
		<file>icon/font-awesome/v6/brands/dhl.svg</file>
		<file>icon/font-awesome/v6/brands/diaspora.svg</file>
		<file>icon/font-awesome/v6/brands/digg.svg</file>
		<file>icon/font-awesome/v6/brands/digital-ocean.svg</file>
		<file>icon/font-awesome/v6/brands/discord.svg</file>
		<file>icon/font-awesome/v6/brands/discourse.svg</file>
		<file>icon/font-awesome/v6/brands/dochub.svg</file>
		<file>icon/font-awesome/v6/brands/docker.svg</file>
		<file>icon/font-awesome/v6/brands/draft2digital.svg</file>
		<file>icon/font-awesome/v6/brands/dribbble.svg</file>
		<file>icon/font-awesome/v6/brands/dropbox.svg</file>
		<file>icon/font-awesome/v6/brands/drupal.svg</file>
		<file>icon/font-awesome/v6/brands/dyalog.svg</file>
		<file>icon/font-awesome/v6/brands/earlybirds.svg</file>
		<file>icon/font-awesome/v6/brands/ebay.svg</file>
		<file>icon/font-awesome/v6/brands/edge-legacy.svg</file>
		<file>icon/font-awesome/v6/brands/edge.svg</file>
		<file>icon/font-awesome/v6/brands/elementor.svg</file>
		<file>icon/font-awesome/v6/brands/ello.svg</file>
		<file>icon/font-awesome/v6/brands/ember.svg</file>
		<file>icon/font-awesome/v6/brands/empire.svg</file>
		<file>icon/font-awesome/v6/brands/envira.svg</file>
		<file>icon/font-awesome/v6/brands/erlang.svg</file>
		<file>icon/font-awesome/v6/brands/ethereum.svg</file>
		<file>icon/font-awesome/v6/brands/etsy.svg</file>
		<file>icon/font-awesome/v6/brands/evernote.svg</file>
		<file>icon/font-awesome/v6/brands/expeditedssl.svg</file>
		<file>icon/font-awesome/v6/brands/facebook-f.svg</file>
		<file>icon/font-awesome/v6/brands/facebook-messenger.svg</file>
		<file>icon/font-awesome/v6/brands/facebook.svg</file>
		<file>icon/font-awesome/v6/brands/fantasy-flight-games.svg</file>
		<file>icon/font-awesome/v6/brands/fedex.svg</file>
		<file>icon/font-awesome/v6/brands/fedora.svg</file>
		<file>icon/font-awesome/v6/brands/figma.svg</file>
		<file>icon/font-awesome/v6/brands/files-pinwheel.svg</file>
		<file>icon/font-awesome/v6/brands/firefox-browser.svg</file>
		<file>icon/font-awesome/v6/brands/firefox.svg</file>
		<file>icon/font-awesome/v6/brands/first-order-alt.svg</file>
		<file>icon/font-awesome/v6/brands/first-order.svg</file>
		<file>icon/font-awesome/v6/brands/firstdraft.svg</file>
		<file>icon/font-awesome/v6/brands/flickr.svg</file>
		<file>icon/font-awesome/v6/brands/flipboard.svg</file>
		<file>icon/font-awesome/v6/brands/flutter.svg</file>
		<file>icon/font-awesome/v6/brands/fly.svg</file>
		<file>icon/font-awesome/v6/brands/font-awesome.svg</file>
		<file>icon/font-awesome/v6/brands/fonticons-fi.svg</file>
		<file>icon/font-awesome/v6/brands/fonticons.svg</file>
		<file>icon/font-awesome/v6/brands/fort-awesome-alt.svg</file>
		<file>icon/font-awesome/v6/brands/fort-awesome.svg</file>
		<file>icon/font-awesome/v6/brands/forumbee.svg</file>
		<file>icon/font-awesome/v6/brands/foursquare.svg</file>
		<file>icon/font-awesome/v6/brands/free-code-camp.svg</file>
		<file>icon/font-awesome/v6/brands/freebsd.svg</file>
		<file>icon/font-awesome/v6/brands/fulcrum.svg</file>
		<file>icon/font-awesome/v6/brands/galactic-republic.svg</file>
		<file>icon/font-awesome/v6/brands/galactic-senate.svg</file>
		<file>icon/font-awesome/v6/brands/get-pocket.svg</file>
		<file>icon/font-awesome/v6/brands/gg-circle.svg</file>
		<file>icon/font-awesome/v6/brands/gg.svg</file>
		<file>icon/font-awesome/v6/brands/git-alt.svg</file>
		<file>icon/font-awesome/v6/brands/git.svg</file>
		<file>icon/font-awesome/v6/brands/github-alt.svg</file>
		<file>icon/font-awesome/v6/brands/github.svg</file>
		<file>icon/font-awesome/v6/brands/gitkraken.svg</file>
		<file>icon/font-awesome/v6/brands/gitlab.svg</file>
		<file>icon/font-awesome/v6/brands/gitter.svg</file>
		<file>icon/font-awesome/v6/brands/glide-g.svg</file>
		<file>icon/font-awesome/v6/brands/glide.svg</file>
		<file>icon/font-awesome/v6/brands/gofore.svg</file>
		<file>icon/font-awesome/v6/brands/golang.svg</file>
		<file>icon/font-awesome/v6/brands/goodreads-g.svg</file>
		<file>icon/font-awesome/v6/brands/goodreads.svg</file>
		<file>icon/font-awesome/v6/brands/google-drive.svg</file>
		<file>icon/font-awesome/v6/brands/google-pay.svg</file>
		<file>icon/font-awesome/v6/brands/google-play.svg</file>
		<file>icon/font-awesome/v6/brands/google-plus-g.svg</file>
		<file>icon/font-awesome/v6/brands/google-plus.svg</file>
		<file>icon/font-awesome/v6/brands/google-scholar.svg</file>
		<file>icon/font-awesome/v6/brands/google-wallet.svg</file>
		<file>icon/font-awesome/v6/brands/google.svg</file>
		<file>icon/font-awesome/v6/brands/gratipay.svg</file>
		<file>icon/font-awesome/v6/brands/grav.svg</file>
		<file>icon/font-awesome/v6/brands/gripfire.svg</file>
		<file>icon/font-awesome/v6/brands/grunt.svg</file>
		<file>icon/font-awesome/v6/brands/guilded.svg</file>
		<file>icon/font-awesome/v6/brands/gulp.svg</file>
		<file>icon/font-awesome/v6/brands/hacker-news.svg</file>
		<file>icon/font-awesome/v6/brands/hackerrank.svg</file>
		<file>icon/font-awesome/v6/brands/hashnode.svg</file>
		<file>icon/font-awesome/v6/brands/hips.svg</file>
		<file>icon/font-awesome/v6/brands/hire-a-helper.svg</file>
		<file>icon/font-awesome/v6/brands/hive.svg</file>
		<file>icon/font-awesome/v6/brands/hooli.svg</file>
		<file>icon/font-awesome/v6/brands/hornbill.svg</file>
		<file>icon/font-awesome/v6/brands/hotjar.svg</file>
		<file>icon/font-awesome/v6/brands/houzz.svg</file>
		<file>icon/font-awesome/v6/brands/html5.svg</file>
		<file>icon/font-awesome/v6/brands/hubspot.svg</file>
		<file>icon/font-awesome/v6/brands/ideal.svg</file>
		<file>icon/font-awesome/v6/brands/imdb.svg</file>
		<file>icon/font-awesome/v6/brands/instagram.svg</file>
		<file>icon/font-awesome/v6/brands/instalod.svg</file>
		<file>icon/font-awesome/v6/brands/intercom.svg</file>
		<file>icon/font-awesome/v6/brands/internet-explorer.svg</file>
		<file>icon/font-awesome/v6/brands/invision.svg</file>
		<file>icon/font-awesome/v6/brands/ioxhost.svg</file>
		<file>icon/font-awesome/v6/brands/itch-io.svg</file>
		<file>icon/font-awesome/v6/brands/itunes-note.svg</file>
		<file>icon/font-awesome/v6/brands/itunes.svg</file>
		<file>icon/font-awesome/v6/brands/java.svg</file>
		<file>icon/font-awesome/v6/brands/jedi-order.svg</file>
		<file>icon/font-awesome/v6/brands/jenkins.svg</file>
		<file>icon/font-awesome/v6/brands/jira.svg</file>
		<file>icon/font-awesome/v6/brands/joget.svg</file>
		<file>icon/font-awesome/v6/brands/joomla.svg</file>
		<file>icon/font-awesome/v6/brands/js.svg</file>
		<file>icon/font-awesome/v6/brands/jsfiddle.svg</file>
		<file>icon/font-awesome/v6/brands/jxl.svg</file>
		<file>icon/font-awesome/v6/brands/kaggle.svg</file>
		<file>icon/font-awesome/v6/brands/keybase.svg</file>
		<file>icon/font-awesome/v6/brands/keycdn.svg</file>
		<file>icon/font-awesome/v6/brands/kickstarter-k.svg</file>
		<file>icon/font-awesome/v6/brands/kickstarter.svg</file>
		<file>icon/font-awesome/v6/brands/korvue.svg</file>
		<file>icon/font-awesome/v6/brands/laravel.svg</file>
		<file>icon/font-awesome/v6/brands/lastfm.svg</file>
		<file>icon/font-awesome/v6/brands/leanpub.svg</file>
		<file>icon/font-awesome/v6/brands/less.svg</file>
		<file>icon/font-awesome/v6/brands/letterboxd.svg</file>
		<file>icon/font-awesome/v6/brands/line.svg</file>
		<file>icon/font-awesome/v6/brands/linkedin-in.svg</file>
		<file>icon/font-awesome/v6/brands/linkedin.svg</file>
		<file>icon/font-awesome/v6/brands/linode.svg</file>
		<file>icon/font-awesome/v6/brands/linux.svg</file>
		<file>icon/font-awesome/v6/brands/lyft.svg</file>
		<file>icon/font-awesome/v6/brands/magento.svg</file>
		<file>icon/font-awesome/v6/brands/mailchimp.svg</file>
		<file>icon/font-awesome/v6/brands/mandalorian.svg</file>
		<file>icon/font-awesome/v6/brands/markdown.svg</file>
		<file>icon/font-awesome/v6/brands/mastodon.svg</file>
		<file>icon/font-awesome/v6/brands/maxcdn.svg</file>
		<file>icon/font-awesome/v6/brands/mdb.svg</file>
		<file>icon/font-awesome/v6/brands/medapps.svg</file>
		<file>icon/font-awesome/v6/brands/medium.svg</file>
		<file>icon/font-awesome/v6/brands/medrt.svg</file>
		<file>icon/font-awesome/v6/brands/meetup.svg</file>
		<file>icon/font-awesome/v6/brands/megaport.svg</file>
		<file>icon/font-awesome/v6/brands/mendeley.svg</file>
		<file>icon/font-awesome/v6/brands/meta.svg</file>
		<file>icon/font-awesome/v6/brands/microblog.svg</file>
		<file>icon/font-awesome/v6/brands/microsoft.svg</file>
		<file>icon/font-awesome/v6/brands/mintbit.svg</file>
		<file>icon/font-awesome/v6/brands/mix.svg</file>
		<file>icon/font-awesome/v6/brands/mixcloud.svg</file>
		<file>icon/font-awesome/v6/brands/mixer.svg</file>
		<file>icon/font-awesome/v6/brands/mizuni.svg</file>
		<file>icon/font-awesome/v6/brands/modx.svg</file>
		<file>icon/font-awesome/v6/brands/monero.svg</file>
		<file>icon/font-awesome/v6/brands/napster.svg</file>
		<file>icon/font-awesome/v6/brands/neos.svg</file>
		<file>icon/font-awesome/v6/brands/nfc-directional.svg</file>
		<file>icon/font-awesome/v6/brands/nfc-symbol.svg</file>
		<file>icon/font-awesome/v6/brands/nimblr.svg</file>
		<file>icon/font-awesome/v6/brands/node-js.svg</file>
		<file>icon/font-awesome/v6/brands/node.svg</file>
		<file>icon/font-awesome/v6/brands/npm.svg</file>
		<file>icon/font-awesome/v6/brands/ns8.svg</file>
		<file>icon/font-awesome/v6/brands/nutritionix.svg</file>
		<file>icon/font-awesome/v6/brands/octopus-deploy.svg</file>
		<file>icon/font-awesome/v6/brands/odnoklassniki.svg</file>
		<file>icon/font-awesome/v6/brands/odysee.svg</file>
		<file>icon/font-awesome/v6/brands/old-republic.svg</file>
		<file>icon/font-awesome/v6/brands/opencart.svg</file>
		<file>icon/font-awesome/v6/brands/openid.svg</file>
		<file>icon/font-awesome/v6/brands/opensuse.svg</file>
		<file>icon/font-awesome/v6/brands/opera.svg</file>
		<file>icon/font-awesome/v6/brands/optin-monster.svg</file>
		<file>icon/font-awesome/v6/brands/orcid.svg</file>
		<file>icon/font-awesome/v6/brands/osi.svg</file>
		<file>icon/font-awesome/v6/brands/padlet.svg</file>
		<file>icon/font-awesome/v6/brands/page4.svg</file>
		<file>icon/font-awesome/v6/brands/pagelines.svg</file>
		<file>icon/font-awesome/v6/brands/palfed.svg</file>
		<file>icon/font-awesome/v6/brands/patreon.svg</file>
		<file>icon/font-awesome/v6/brands/paypal.svg</file>
		<file>icon/font-awesome/v6/brands/perbyte.svg</file>
		<file>icon/font-awesome/v6/brands/periscope.svg</file>
		<file>icon/font-awesome/v6/brands/phabricator.svg</file>
		<file>icon/font-awesome/v6/brands/phoenix-framework.svg</file>
		<file>icon/font-awesome/v6/brands/phoenix-squadron.svg</file>
		<file>icon/font-awesome/v6/brands/php.svg</file>
		<file>icon/font-awesome/v6/brands/pied-piper-alt.svg</file>
		<file>icon/font-awesome/v6/brands/pied-piper-hat.svg</file>
		<file>icon/font-awesome/v6/brands/pied-piper-pp.svg</file>
		<file>icon/font-awesome/v6/brands/pied-piper.svg</file>
		<file>icon/font-awesome/v6/brands/pinterest-p.svg</file>
		<file>icon/font-awesome/v6/brands/pinterest.svg</file>
		<file>icon/font-awesome/v6/brands/pix.svg</file>
		<file>icon/font-awesome/v6/brands/pixiv.svg</file>
		<file>icon/font-awesome/v6/brands/playstation.svg</file>
		<file>icon/font-awesome/v6/brands/product-hunt.svg</file>
		<file>icon/font-awesome/v6/brands/pushed.svg</file>
		<file>icon/font-awesome/v6/brands/python.svg</file>
		<file>icon/font-awesome/v6/brands/qq.svg</file>
		<file>icon/font-awesome/v6/brands/quinscape.svg</file>
		<file>icon/font-awesome/v6/brands/quora.svg</file>
		<file>icon/font-awesome/v6/brands/r-project.svg</file>
		<file>icon/font-awesome/v6/brands/raspberry-pi.svg</file>
		<file>icon/font-awesome/v6/brands/ravelry.svg</file>
		<file>icon/font-awesome/v6/brands/react.svg</file>
		<file>icon/font-awesome/v6/brands/reacteurope.svg</file>
		<file>icon/font-awesome/v6/brands/readme.svg</file>
		<file>icon/font-awesome/v6/brands/rebel.svg</file>
		<file>icon/font-awesome/v6/brands/red-river.svg</file>
		<file>icon/font-awesome/v6/brands/reddit-alien.svg</file>
		<file>icon/font-awesome/v6/brands/reddit.svg</file>
		<file>icon/font-awesome/v6/brands/redhat.svg</file>
		<file>icon/font-awesome/v6/brands/renren.svg</file>
		<file>icon/font-awesome/v6/brands/replyd.svg</file>
		<file>icon/font-awesome/v6/brands/researchgate.svg</file>
		<file>icon/font-awesome/v6/brands/resolving.svg</file>
		<file>icon/font-awesome/v6/brands/rev.svg</file>
		<file>icon/font-awesome/v6/brands/rocketchat.svg</file>
		<file>icon/font-awesome/v6/brands/rockrms.svg</file>
		<file>icon/font-awesome/v6/brands/rust.svg</file>
		<file>icon/font-awesome/v6/brands/safari.svg</file>
		<file>icon/font-awesome/v6/brands/salesforce.svg</file>
		<file>icon/font-awesome/v6/brands/sass.svg</file>
		<file>icon/font-awesome/v6/brands/schlix.svg</file>
		<file>icon/font-awesome/v6/brands/screenpal.svg</file>
		<file>icon/font-awesome/v6/brands/scribd.svg</file>
		<file>icon/font-awesome/v6/brands/searchengin.svg</file>
		<file>icon/font-awesome/v6/brands/sellcast.svg</file>
		<file>icon/font-awesome/v6/brands/sellsy.svg</file>
		<file>icon/font-awesome/v6/brands/servicestack.svg</file>
		<file>icon/font-awesome/v6/brands/shirtsinbulk.svg</file>
		<file>icon/font-awesome/v6/brands/shoelace.svg</file>
		<file>icon/font-awesome/v6/brands/shopify.svg</file>
		<file>icon/font-awesome/v6/brands/shopware.svg</file>
		<file>icon/font-awesome/v6/brands/signal-messenger.svg</file>
		<file>icon/font-awesome/v6/brands/simplybuilt.svg</file>
		<file>icon/font-awesome/v6/brands/sistrix.svg</file>
		<file>icon/font-awesome/v6/brands/sith.svg</file>
		<file>icon/font-awesome/v6/brands/sitrox.svg</file>
		<file>icon/font-awesome/v6/brands/sketch.svg</file>
		<file>icon/font-awesome/v6/brands/skyatlas.svg</file>
		<file>icon/font-awesome/v6/brands/skype.svg</file>
		<file>icon/font-awesome/v6/brands/slack.svg</file>
		<file>icon/font-awesome/v6/brands/slideshare.svg</file>
		<file>icon/font-awesome/v6/brands/snapchat.svg</file>
		<file>icon/font-awesome/v6/brands/soundcloud.svg</file>
		<file>icon/font-awesome/v6/brands/sourcetree.svg</file>
		<file>icon/font-awesome/v6/brands/space-awesome.svg</file>
		<file>icon/font-awesome/v6/brands/speakap.svg</file>
		<file>icon/font-awesome/v6/brands/speaker-deck.svg</file>
		<file>icon/font-awesome/v6/brands/spotify.svg</file>
		<file>icon/font-awesome/v6/brands/square-behance.svg</file>
		<file>icon/font-awesome/v6/brands/square-bluesky.svg</file>
		<file>icon/font-awesome/v6/brands/square-dribbble.svg</file>
		<file>icon/font-awesome/v6/brands/square-facebook.svg</file>
		<file>icon/font-awesome/v6/brands/square-font-awesome-stroke.svg</file>
		<file>icon/font-awesome/v6/brands/square-font-awesome.svg</file>
		<file>icon/font-awesome/v6/brands/square-git.svg</file>
		<file>icon/font-awesome/v6/brands/square-github.svg</file>
		<file>icon/font-awesome/v6/brands/square-gitlab.svg</file>
		<file>icon/font-awesome/v6/brands/square-google-plus.svg</file>
		<file>icon/font-awesome/v6/brands/square-hacker-news.svg</file>
		<file>icon/font-awesome/v6/brands/square-instagram.svg</file>
		<file>icon/font-awesome/v6/brands/square-js.svg</file>
		<file>icon/font-awesome/v6/brands/square-lastfm.svg</file>
		<file>icon/font-awesome/v6/brands/square-letterboxd.svg</file>
		<file>icon/font-awesome/v6/brands/square-odnoklassniki.svg</file>
		<file>icon/font-awesome/v6/brands/square-pied-piper.svg</file>
		<file>icon/font-awesome/v6/brands/square-pinterest.svg</file>
		<file>icon/font-awesome/v6/brands/square-reddit.svg</file>
		<file>icon/font-awesome/v6/brands/square-snapchat.svg</file>
		<file>icon/font-awesome/v6/brands/square-steam.svg</file>
		<file>icon/font-awesome/v6/brands/square-threads.svg</file>
		<file>icon/font-awesome/v6/brands/square-tumblr.svg</file>
		<file>icon/font-awesome/v6/brands/square-twitter.svg</file>
		<file>icon/font-awesome/v6/brands/square-upwork.svg</file>
		<file>icon/font-awesome/v6/brands/square-viadeo.svg</file>
		<file>icon/font-awesome/v6/brands/square-vimeo.svg</file>
		<file>icon/font-awesome/v6/brands/square-web-awesome-stroke.svg</file>
		<file>icon/font-awesome/v6/brands/square-web-awesome.svg</file>
		<file>icon/font-awesome/v6/brands/square-whatsapp.svg</file>
		<file>icon/font-awesome/v6/brands/square-x-twitter.svg</file>
		<file>icon/font-awesome/v6/brands/square-xing.svg</file>
		<file>icon/font-awesome/v6/brands/square-youtube.svg</file>
		<file>icon/font-awesome/v6/brands/squarespace.svg</file>
		<file>icon/font-awesome/v6/brands/stack-exchange.svg</file>
		<file>icon/font-awesome/v6/brands/stack-overflow.svg</file>
		<file>icon/font-awesome/v6/brands/stackpath.svg</file>
		<file>icon/font-awesome/v6/brands/staylinked.svg</file>
		<file>icon/font-awesome/v6/brands/steam-symbol.svg</file>
		<file>icon/font-awesome/v6/brands/steam.svg</file>
		<file>icon/font-awesome/v6/brands/sticker-mule.svg</file>
		<file>icon/font-awesome/v6/brands/strava.svg</file>
		<file>icon/font-awesome/v6/brands/stripe-s.svg</file>
		<file>icon/font-awesome/v6/brands/stripe.svg</file>
		<file>icon/font-awesome/v6/brands/stubber.svg</file>
		<file>icon/font-awesome/v6/brands/studiovinari.svg</file>
		<file>icon/font-awesome/v6/brands/stumbleupon-circle.svg</file>
		<file>icon/font-awesome/v6/brands/stumbleupon.svg</file>
		<file>icon/font-awesome/v6/brands/superpowers.svg</file>
		<file>icon/font-awesome/v6/brands/supple.svg</file>
		<file>icon/font-awesome/v6/brands/suse.svg</file>
		<file>icon/font-awesome/v6/brands/swift.svg</file>
		<file>icon/font-awesome/v6/brands/symfony.svg</file>
		<file>icon/font-awesome/v6/brands/teamspeak.svg</file>
		<file>icon/font-awesome/v6/brands/telegram.svg</file>
		<file>icon/font-awesome/v6/brands/tencent-weibo.svg</file>
		<file>icon/font-awesome/v6/brands/the-red-yeti.svg</file>
		<file>icon/font-awesome/v6/brands/themeco.svg</file>
		<file>icon/font-awesome/v6/brands/themeisle.svg</file>
		<file>icon/font-awesome/v6/brands/think-peaks.svg</file>
		<file>icon/font-awesome/v6/brands/threads.svg</file>
		<file>icon/font-awesome/v6/brands/tiktok.svg</file>
		<file>icon/font-awesome/v6/brands/trade-federation.svg</file>
		<file>icon/font-awesome/v6/brands/trello.svg</file>
		<file>icon/font-awesome/v6/brands/tumblr.svg</file>
		<file>icon/font-awesome/v6/brands/twitch.svg</file>
		<file>icon/font-awesome/v6/brands/twitter.svg</file>
		<file>icon/font-awesome/v6/brands/typo3.svg</file>
		<file>icon/font-awesome/v6/brands/uber.svg</file>
		<file>icon/font-awesome/v6/brands/ubuntu.svg</file>
		<file>icon/font-awesome/v6/brands/uikit.svg</file>
		<file>icon/font-awesome/v6/brands/umbraco.svg</file>
		<file>icon/font-awesome/v6/brands/uncharted.svg</file>
		<file>icon/font-awesome/v6/brands/uniregistry.svg</file>
		<file>icon/font-awesome/v6/brands/unity.svg</file>
		<file>icon/font-awesome/v6/brands/unsplash.svg</file>
		<file>icon/font-awesome/v6/brands/untappd.svg</file>
		<file>icon/font-awesome/v6/brands/ups.svg</file>
		<file>icon/font-awesome/v6/brands/upwork.svg</file>
		<file>icon/font-awesome/v6/brands/usb.svg</file>
		<file>icon/font-awesome/v6/brands/usps.svg</file>
		<file>icon/font-awesome/v6/brands/ussunnah.svg</file>
		<file>icon/font-awesome/v6/brands/vaadin.svg</file>
		<file>icon/font-awesome/v6/brands/viacoin.svg</file>
		<file>icon/font-awesome/v6/brands/viadeo.svg</file>
		<file>icon/font-awesome/v6/brands/viber.svg</file>
		<file>icon/font-awesome/v6/brands/vimeo-v.svg</file>
		<file>icon/font-awesome/v6/brands/vimeo.svg</file>
		<file>icon/font-awesome/v6/brands/vine.svg</file>
		<file>icon/font-awesome/v6/brands/vk.svg</file>
		<file>icon/font-awesome/v6/brands/vnv.svg</file>
		<file>icon/font-awesome/v6/brands/vuejs.svg</file>
		<file>icon/font-awesome/v6/brands/watchman-monitoring.svg</file>
		<file>icon/font-awesome/v6/brands/waze.svg</file>
		<file>icon/font-awesome/v6/brands/web-awesome.svg</file>
		<file>icon/font-awesome/v6/brands/webflow.svg</file>
		<file>icon/font-awesome/v6/brands/weebly.svg</file>
		<file>icon/font-awesome/v6/brands/weibo.svg</file>
		<file>icon/font-awesome/v6/brands/weixin.svg</file>
		<file>icon/font-awesome/v6/brands/whatsapp.svg</file>
		<file>icon/font-awesome/v6/brands/whmcs.svg</file>
		<file>icon/font-awesome/v6/brands/wikipedia-w.svg</file>
		<file>icon/font-awesome/v6/brands/windows.svg</file>
		<file>icon/font-awesome/v6/brands/wirsindhandwerk.svg</file>
		<file>icon/font-awesome/v6/brands/wix.svg</file>
		<file>icon/font-awesome/v6/brands/wizards-of-the-coast.svg</file>
		<file>icon/font-awesome/v6/brands/wodu.svg</file>
		<file>icon/font-awesome/v6/brands/wolf-pack-battalion.svg</file>
		<file>icon/font-awesome/v6/brands/wordpress-simple.svg</file>
		<file>icon/font-awesome/v6/brands/wordpress.svg</file>
		<file>icon/font-awesome/v6/brands/wpbeginner.svg</file>
		<file>icon/font-awesome/v6/brands/wpexplorer.svg</file>
		<file>icon/font-awesome/v6/brands/wpforms.svg</file>
		<file>icon/font-awesome/v6/brands/wpressr.svg</file>
		<file>icon/font-awesome/v6/brands/x-twitter.svg</file>
		<file>icon/font-awesome/v6/brands/xbox.svg</file>
		<file>icon/font-awesome/v6/brands/xing.svg</file>
		<file>icon/font-awesome/v6/brands/y-combinator.svg</file>
		<file>icon/font-awesome/v6/brands/yahoo.svg</file>
		<file>icon/font-awesome/v6/brands/yammer.svg</file>
		<file>icon/font-awesome/v6/brands/yandex-international.svg</file>
		<file>icon/font-awesome/v6/brands/yandex.svg</file>
		<file>icon/font-awesome/v6/brands/yarn.svg</file>
		<file>icon/font-awesome/v6/brands/yelp.svg</file>
		<file>icon/font-awesome/v6/brands/yoast.svg</file>
		<file>icon/font-awesome/v6/brands/youtube.svg</file>
		<file>icon/font-awesome/v6/brands/zhihu.svg</file>
	</delete>
</data>
