<?xml version="1.0" encoding="UTF-8"?>
<data xmlns="http://www.woltlab.com" xmlns:xsi="http://www.w3.org/2001/XMLSchema-instance" xsi:schemaLocation="http://www.woltlab.com http://www.woltlab.com/XSD/6.0/option.xsd">
	<import>
		<categories>
			<!-- modules -->
			<category name="module">
				<showorder>1</showorder>
			</category>
			<category name="module.system">
				<parent>module</parent>
			</category>
			<category name="module.user">
				<parent>module</parent>
			</category>
			<category name="module.customization">
				<parent>module</parent>
			</category>
			<category name="module.content">
				<parent>module</parent>
			</category>
			<category name="module.community">
				<parent>module</parent>
			</category>
			<category name="module.development">
				<parent>module</parent>
			</category>
			<!-- /modules -->
			<!-- general -->
			<category name="general">
				<showorder>2</showorder>
			</category>
			<category name="general.page">
				<parent>general</parent>
				<showorder>1</showorder>
			</category>
			<category name="general.page.seo">
				<parent>general.page</parent>
			</category>
			<category name="general.page.sitemap">
				<parent>general.page</parent>
			</category>
			<category name="general.offline">
				<parent>general</parent>
				<showorder>2</showorder>
			</category>
			<category name="general.system">
				<parent>general</parent>
				<showorder>3</showorder>
			</category>
			<category name="general.system.ipAddress">
				<parent>general.system</parent>
			</category>
			<category name="general.system.error">
				<parent>general.system</parent>
			</category>
			<category name="general.system.cookie">
				<parent>general.system</parent>
			</category>
			<category name="general.system.http">
				<parent>general.system</parent>
			</category>
			<category name="general.system.packageServer">
				<parent>general.system</parent>
			</category>
			<category name="general.system.proxy">
				<parent>general.system</parent>
			</category>
			<category name="general.system.image">
				<parent>general.system</parent>
			</category>
			<category name="general.system.search">
				<parent>general.system</parent>
			</category>
			<category name="general.system.date">
				<parent>general.system</parent>
			</category>
			<category name="general.system.googleMaps">
				<parent>general.system</parent>
			</category>
			<category name="general.mail">
				<parent>general</parent>
				<showorder>4</showorder>
			</category>
			<category name="general.mail.general">
				<parent>general.mail</parent>
			</category>
			<category name="general.mail.send">
				<parent>general.mail</parent>
			</category>
			<category name="general.cache">
				<parent>general</parent>
				<showorder>5</showorder>
			</category>
			<category name="general.cache.general">
				<parent>general.cache</parent>
			</category>
			<category name="general.cache.redis">
				<parent>general.cache</parent>
			</category>
			<category name="general.payment">
				<parent>general</parent>
				<showorder>6</showorder>
			</category>
			<category name="general.payment.paidSubscription">
				<parent>general.payment</parent>
			</category>
			<!-- /general -->
			<!-- user -->
			<category name="user">
				<showorder>3</showorder>
			</category>
			<category name="user.general">
				<parent>user</parent>
			</category>
			<category name="user.profile">
				<parent>user</parent>
			</category>
			<category name="user.avatar">
				<parent>user.profile</parent>
			</category>
			<category name="user.signature">
				<parent>user.profile</parent>
			</category>
			<category name="user.title">
				<parent>user.profile</parent>
			</category>
			<category name="user.cleanup">
				<parent>user.profile</parent>
			</category>
			<category name="user.list">
				<parent>user</parent>
			</category>
			<category name="user.list.members">
				<parent>user.list</parent>
			</category>
			<category name="user.list.online">
				<parent>user.list</parent>
			</category>
			<category name="user.register">
				<parent>user</parent>
			</category>
			<category name="user.3rdPartyAuth">
				<parent>user.register</parent>
			</category>
			<category name="user.password">
				<parent>user.register</parent>
			</category>
			<category name="user.ban">
				<parent>user.register</parent>
			</category>
			<!-- /user -->
			<!-- security -->
			<category name="security">
				<showorder>4</showorder>
			</category>
			<category name="security.general">
				<parent>security</parent>
			</category>
			<category name="security.general.session">
				<parent>security.general</parent>
			</category>
			<category name="security.general.authentication">
				<parent>security.general</parent>
			</category>
			<category name="security.general.secrets">
				<parent>security.general</parent>
				<showorder>15</showorder>
			</category>
			<category name="security.antispam">
				<parent>security</parent>
			</category>
			<category name="security.antispam.captcha">
				<parent>security.antispam</parent>
			</category>
			<category name="security.antispam.recaptcha">
				<parent>security.antispam</parent>
			</category>
			<category name="security.blacklist.sfs">
				<parent>security.antispam</parent>
			</category>
			<category name="security.censorship">
				<parent>security</parent>
			</category>
			<category name="message.censorship">
				<parent>security.censorship</parent>
			</category>
			<!-- /security -->
			<!-- message -->
			<category name="message">
				<showorder>5</showorder>
			</category>
			<category name="message.general">
				<parent>message</parent>
			</category>
			<category name="message.general.share">
				<parent>message.general</parent>
			</category>
			<category name="message.general.likes">
				<parent>message.general</parent>
			</category>
			<category name="message.general.poll">
				<parent>message.general</parent>
				<options>module_poll</options>
			</category>
			<category name="message.general.edit">
				<parent>message.general</parent>
			</category>
			<category name="message.general.image">
				<parent>message.general</parent>
			</category>
			<category name="message.general.imageProxy">
				<parent>message.general</parent>
			</category>
			<category name="message.general.unfurl">
				<parent>message.general</parent>
			</category>
			<category name="message.general.formatting">
				<parent>message.general</parent>
			</category>
			<category name="message.attachment">
				<parent>message</parent>
			</category>
			<category name="message.attachment.autoscale">
				<parent>message.attachment</parent>
			</category>
			<category name="message.sidebar">
				<parent>message</parent>
			</category>
			<category name="message.search">
				<parent>message</parent>
			</category>
			<category name="message.contactForm">
				<parent>message</parent>
			</category>
			<!-- /message -->
			<category name="dashboard"/>
			<category name="dashboard.content">
				<parent>dashboard</parent>
			</category>
			<category name="dashboard.sidebar">
				<parent>dashboard</parent>
			</category>
			<!-- cms -->
			<category name="cms"/>
			<category name="cms.media">
				<parent>cms</parent>
			</category>
			<category name="cms.media.thumbnail">
				<parent>cms.media</parent>
			</category>
			<category name="cms.article">
				<parent>cms</parent>
			</category>
		</categories>
		<options>
			<option name="last_update_time">
				<categoryname>general</categoryname>
				<optiontype>integer</optiontype>
				<defaultvalue>0</defaultvalue>
				<hidden>1</hidden>
			</option>
			<!-- value will automatically be replaced during WCFSetup -->
			<option name="wcf_uuid">
				<categoryname>general</categoryname>
				<optiontype>text</optiontype>
				<defaultvalue>bd096261-15f4-5dc1-9767-01ce08d7c80b</defaultvalue>
				<hidden>1</hidden>
			</option>
			<option name="woltlab_branding">
				<categoryname>general</categoryname>
				<optiontype>integer</optiontype>
				<defaultvalue>1</defaultvalue>
				<hidden>1</hidden>
			</option>
			<option name="first_time_setup_state">
				<categoryname>general</categoryname>
				<optiontype>integer</optiontype>
				<defaultvalue>0</defaultvalue>
				<hidden>1</hidden>
			</option>
			<option name="service_worker_public_key">
				<categoryname>hidden</categoryname>
				<optiontype>text</optiontype>
				<defaultvalue></defaultvalue>
				<hidden>1</hidden>
			</option>
			<option name="service_worker_private_key">
				<categoryname>hidden</categoryname>
				<optiontype>text</optiontype>
				<defaultvalue></defaultvalue>
				<hidden>1</hidden>
			</option>
			<option name="visitor_use_tiny_build">
				<categoryname>module.system</categoryname>
				<optiontype>boolean</optiontype>
				<defaultvalue>0</defaultvalue>
			</option>
			<option name="module_article">
				<categoryname>module.content</categoryname>
				<optiontype>boolean</optiontype>
				<defaultvalue>1</defaultvalue>
			</option>
			<option name="module_smiley">
				<categoryname>module.customization</categoryname>
				<optiontype>boolean</optiontype>
				<defaultvalue>0</defaultvalue>
			</option>
			<option name="module_users_online">
				<categoryname>module.user</categoryname>
				<optiontype>boolean</optiontype>
				<defaultvalue>1</defaultvalue>
			</option>
			<option name="module_user_rank">
				<categoryname>module.user</categoryname>
				<optiontype>boolean</optiontype>
				<defaultvalue>1</defaultvalue>
			</option>
			<option name="module_user_signature">
				<categoryname>module.user</categoryname>
				<optiontype>boolean</optiontype>
				<defaultvalue>1</defaultvalue>
			</option>
			<option name="module_members_list">
				<categoryname>module.user</categoryname>
				<optiontype>boolean</optiontype>
				<defaultvalue>1</defaultvalue>
			</option>
			<option name="module_team_page">
				<categoryname>module.user</categoryname>
				<optiontype>boolean</optiontype>
				<defaultvalue>1</defaultvalue>
			</option>
			<option name="module_like">
				<categoryname>module.community</categoryname>
				<optiontype>boolean</optiontype>
				<defaultvalue>1</defaultvalue>
			</option>
			<option name="module_user_profile_wall">
				<categoryname>module.user</categoryname>
				<optiontype>boolean</optiontype>
				<defaultvalue>1</defaultvalue>
			</option>
			<option name="module_trophy">
				<categoryname>module.user</categoryname>
				<optiontype>boolean</optiontype>
				<defaultvalue>1</defaultvalue>
			</option>
			<option name="module_tagging">
				<categoryname>module.content</categoryname>
				<optiontype>boolean</optiontype>
				<defaultvalue>1</defaultvalue>
			</option>
			<option name="module_poll">
				<categoryname>module.community</categoryname>
				<optiontype>boolean</optiontype>
				<defaultvalue>1</defaultvalue>
			</option>
			<option name="module_wcf_ad">
				<categoryname>module.customization</categoryname>
				<optiontype>boolean</optiontype>
				<defaultvalue>0</defaultvalue>
			</option>
			<option name="enable_debug_mode">
				<categoryname>module.development</categoryname>
				<optiontype>boolean</optiontype>
				<defaultvalue>0</defaultvalue>
			</option>
			<option name="enable_production_debug_mode">
				<categoryname>module.development</categoryname>
				<optiontype>boolean</optiontype>
				<defaultvalue>1</defaultvalue>
			</option>
			<option name="enable_benchmark">
				<categoryname>module.development</categoryname>
				<optiontype>boolean</optiontype>
				<defaultvalue>0</defaultvalue>
			</option>
			<option name="enable_developer_tools">
				<categoryname>module.development</categoryname>
				<optiontype>boolean</optiontype>
				<defaultvalue>0</defaultvalue>
				<enableoptions>log_missing_language_items</enableoptions>
			</option>
			<!-- general.page -->
			<option name="page_title">
				<categoryname>general.page</categoryname>
				<optiontype>textI18n</optiontype>
				<defaultvalue>WoltLab Suite</defaultvalue>
				<supporti18n>1</supporti18n>
			</option>
			<option name="page_description">
				<categoryname>general.page</categoryname>
				<optiontype>textI18n</optiontype>
				<supporti18n>1</supporti18n>
			</option>
			<option name="use_page_title_on_landing_page">
				<categoryname>general.page</categoryname>
				<optiontype>boolean</optiontype>
				<defaultvalue>1</defaultvalue>
			</option>
			<option name="meta_description">
				<categoryname>general.page</categoryname>
				<optiontype>textI18n</optiontype>
				<supporti18n>1</supporti18n>
			</option>
			<option name="og_image">
				<categoryname>general.page</categoryname>
				<optiontype>text</optiontype>
			</option>
			<option name="fb_share_app_id">
				<categoryname>general.page</categoryname>
				<optiontype>text</optiontype>
			</option>
			<option name="show_version_number">
				<categoryname>general.page</categoryname>
				<optiontype>boolean</optiontype>
				<defaultvalue>1</defaultvalue>
			</option>
			<option name="external_link_target_blank">
				<categoryname>general.page</categoryname>
				<optiontype>boolean</optiontype>
				<defaultvalue>0</defaultvalue>
			</option>
			<option name="show_update_notice_frontend">
				<categoryname>general.page</categoryname>
				<optiontype>boolean</optiontype>
				<defaultvalue>1</defaultvalue>
			</option>
			<option name="language_use_informal_variant">
				<categoryname>general.page</categoryname>
				<optiontype>boolean</optiontype>
				<defaultvalue>0</defaultvalue>
			</option>
			<option name="show_style_changer">
				<categoryname>general.page</categoryname>
				<optiontype>boolean</optiontype>
				<defaultvalue>0</defaultvalue>
			</option>
			<option name="enable_ad_rotation">
				<categoryname>general.page</categoryname>
				<optiontype>boolean</optiontype>
				<defaultvalue>1</defaultvalue>
				<options>module_wcf_ad</options>
			</option>
			<option name="enable_polling">
				<categoryname>general.page</categoryname>
				<optiontype>boolean</optiontype>
				<defaultvalue>1</defaultvalue>
			</option>
			<option name="page_logo_link_to_app_default">
				<categoryname>general.page</categoryname>
				<optiontype>boolean</optiontype>
				<defaultvalue>1</defaultvalue>
			</option>
			<option name="breadcrumbs_home_use_page_title">
				<categoryname>general.page</categoryname>
				<optiontype>boolean</optiontype>
				<defaultvalue>1</defaultvalue>
			</option>
			<option name="internal_hostnames">
				<categoryname>general.page</categoryname>
				<optiontype>lineBreakSeparatedText</optiontype>
			</option>
			<option name="head_code">
				<categoryname>general.page</categoryname>
				<optiontype>textarea</optiontype>
			</option>
			<option name="footer_code">
				<categoryname>general.page</categoryname>
				<optiontype>textarea</optiontype>
			</option>
			<option name="url_omit_index_php">
				<categoryname>general.page.seo</categoryname>
				<optiontype>boolean</optiontype>
				<defaultvalue>0</defaultvalue>
			</option>
			<option name="url_title_component_replacement">
				<categoryname>general.page.seo</categoryname>
				<optiontype>lineBreakSeparatedText</optiontype>
			</option>
			<option name="sitemap_index_time_frame">
				<categoryname>general.page.sitemap</categoryname>
				<optiontype>integer</optiontype>
				<defaultvalue>365</defaultvalue>
				<minvalue>0</minvalue>
				<suffix>days</suffix>
			</option>
			<!-- /general.page -->
			<!-- offline -->
			<option name="offline">
				<categoryname>general.offline</categoryname>
				<optiontype>boolean</optiontype>
				<defaultvalue>1</defaultvalue>
				<enableoptions>offline_message,offline_message_allow_html</enableoptions>
			</option>
			<option name="offline_message">
				<categoryname>general.offline</categoryname>
				<optiontype>textareaI18n</optiontype>
				<supporti18n>1</supporti18n>
			</option>
			<option name="offline_message_allow_html">
				<categoryname>general.offline</categoryname>
				<optiontype>boolean</optiontype>
				<defaultvalue>0</defaultvalue>
			</option>
			<!-- /offline -->
			<!-- general.system.ipAddress -->
			<option name="log_ip_address">
				<categoryname>general.system.ipAddress</categoryname>
				<optiontype>boolean</optiontype>
				<defaultvalue>0</defaultvalue>
				<enableoptions>prune_ip_address</enableoptions>
			</option>
			<option name="prune_ip_address">
				<categoryname>general.system.ipAddress</categoryname>
				<optiontype>integer</optiontype>
				<defaultvalue>30</defaultvalue>
				<suffix>days</suffix>
				<minvalue>0</minvalue>
				<maxvalue>365</maxvalue>
			</option>
			<option name="ip_address_search_engine">
				<categoryname>general.system.ipAddress</categoryname>
				<optiontype>text</optiontype>
			</option>
			<!-- /general.system.ipAddress -->
			<!-- general.system.image -->
			<option name="image_adapter_type">
				<categoryname>general.system.image</categoryname>
				<optiontype>radioButton</optiontype>
				<defaultvalue>gd</defaultvalue>
				<selectoptions>gd:wcf.acp.option.image_adapter_type.gd
imagick:wcf.acp.option.image_adapter_type.imagick</selectoptions>
			</option>
			<option name="image_convert_format">
				<categoryname>general.system.image</categoryname>
				<optiontype>radioButton</optiontype>
				<defaultvalue>webp</defaultvalue>
				<selectoptions>keep:wcf.acp.option.image_convert_format.keep
webp:wcf.acp.option.image_convert_format.webp</selectoptions>
			</option>
			<option name="image_strip_exif">
				<categoryname>general.system.image</categoryname>
				<optiontype>boolean</optiontype>
				<defaultvalue>1</defaultvalue>
			</option>
			<!-- /general.system.image -->
			<!-- general.system.search -->
			<option name="search_engine">
				<categoryname>general.system.search</categoryname>
				<optiontype>radioButton</optiontype>
				<defaultvalue>mysql</defaultvalue>
				<selectoptions>mysql:wcf.acp.option.search_engine.mysql</selectoptions>
			</option>
			<!-- /general.system.search -->
			<!-- general.system.error -->
			<option name="exception_privacy">
				<categoryname>general.system.error</categoryname>
				<optiontype>radioButton</optiontype>
				<defaultvalue>reduced</defaultvalue>
				<selectoptions>public:wcf.acp.option.exception_privacy.public
reduced:wcf.acp.option.exception_privacy.reduced
private:wcf.acp.option.exception_privacy.private</selectoptions>
			</option>
			<!-- /general.system.error-->
			<!-- general.system.cookie -->
			<option name="cookie_prefix">
				<categoryname>general.system.cookie</categoryname>
				<optiontype>text</optiontype>
				<defaultvalue>wsc_</defaultvalue>
				<validationpattern>^[a-zA-Z0-9_]+$</validationpattern>
			</option>
			<!-- /general.system.cookie-->
			<!-- general.system.packageServer -->
			<option name="package_server_auth_code">
				<categoryname>general.system.packageServer</categoryname>
				<optiontype>text</optiontype>
			</option>
			<!-- /general.system.packageServer -->
			<!-- general.system.proxy -->
			<option name="proxy_server_http">
				<categoryname>general.system.proxy</categoryname>
				<optiontype>text</optiontype>
			</option>
			<!-- /general.system.proxy -->
			<!-- security.general.session -->
			<option name="user_online_timeout">
				<categoryname>security.general.session</categoryname>
				<optiontype>integer</optiontype>
				<defaultvalue>900</defaultvalue>
				<minvalue>1</minvalue>
				<maxvalue>7200</maxvalue>
				<suffix>seconds</suffix>
			</option>
			<!-- /security.general.session -->
			<!-- security.general.authentication -->
			<option name="enable_user_authentication_failure">
				<categoryname>security.general.authentication</categoryname>
				<optiontype>boolean</optiontype>
				<defaultvalue>1</defaultvalue>
				<enableoptions>user_authentication_failure_timeout,user_authentication_failure_ip_captcha,user_authentication_failure_ip_block,user_authentication_failure_user_captcha,user_authentication_failure_expiration</enableoptions>
			</option>
			<option name="user_authentication_failure_timeout">
				<categoryname>security.general.authentication</categoryname>
				<optiontype>integer</optiontype>
				<defaultvalue>7200</defaultvalue>
				<minvalue>300</minvalue>
				<maxvalue>86400</maxvalue>
				<suffix>seconds</suffix>
			</option>
			<option name="user_authentication_failure_ip_captcha">
				<categoryname>security.general.authentication</categoryname>
				<optiontype>integer</optiontype>
				<defaultvalue>3</defaultvalue>
				<minvalue>0</minvalue>
			</option>
			<option name="user_authentication_failure_ip_block">
				<categoryname>security.general.authentication</categoryname>
				<optiontype>integer</optiontype>
				<defaultvalue>10</defaultvalue>
				<minvalue>0</minvalue>
			</option>
			<option name="user_authentication_failure_user_captcha">
				<categoryname>security.general.authentication</categoryname>
				<optiontype>integer</optiontype>
				<defaultvalue>3</defaultvalue>
				<minvalue>0</minvalue>
			</option>
			<option name="user_authentication_failure_expiration">
				<categoryname>security.general.authentication</categoryname>
				<optiontype>integer</optiontype>
				<defaultvalue>30</defaultvalue>
				<minvalue>1</minvalue>
				<maxvalue>365</maxvalue>
				<suffix>days</suffix>
			</option>
			<!-- /security.general.authentication -->
			<!-- security.general.secrets -->
			<option name="signature_secret">
				<categoryname>security.general.secrets</categoryname>
				<optiontype>text</optiontype>
				<validationpattern>^.{15,}$</validationpattern>
			</option>
			<!-- /security.general.secrets -->
			<!-- security.blacklist.sfs -->
			<option name="blacklist_sfs_enable">
				<categoryname>security.blacklist.sfs</categoryname>
				<optiontype>boolean</optiontype>
				<defaultvalue>1</defaultvalue>
				<enableoptions>blacklist_sfs_username,blacklist_sfs_email_address,blacklist_sfs_ip_address,blacklist_sfs_action</enableoptions>
			</option>
			<option name="blacklist_sfs_username">
				<categoryname>security.blacklist.sfs</categoryname>
				<optiontype>select</optiontype>
				<selectoptions><![CDATA[skip:wcf.acp.option.blacklist_sfs_enable.skip
90percentile:wcf.acp.option.blacklist_sfs_enable.90percentile
moreThanOnce:wcf.acp.option.blacklist_sfs_enable.moreThanOnce
simpleMatch:wcf.acp.option.blacklist_sfs_enable.simpleMatch]]></selectoptions>
				<defaultvalue>skip</defaultvalue>
			</option>
			<option name="blacklist_sfs_email_address">
				<categoryname>security.blacklist.sfs</categoryname>
				<optiontype>select</optiontype>
				<selectoptions><![CDATA[skip:wcf.acp.option.blacklist_sfs_enable.skip
90percentile:wcf.acp.option.blacklist_sfs_enable.90percentile
moreThanOnce:wcf.acp.option.blacklist_sfs_enable.moreThanOnce
simpleMatch:wcf.acp.option.blacklist_sfs_enable.simpleMatch]]></selectoptions>
				<defaultvalue>moreThanOnce</defaultvalue>
			</option>
			<option name="blacklist_sfs_ip_address">
				<categoryname>security.blacklist.sfs</categoryname>
				<optiontype>select</optiontype>
				<selectoptions><![CDATA[skip:wcf.acp.option.blacklist_sfs_enable.skip
90percentile:wcf.acp.option.blacklist_sfs_enable.90percentile
moreThanOnce:wcf.acp.option.blacklist_sfs_enable.moreThanOnce
simpleMatch:wcf.acp.option.blacklist_sfs_enable.simpleMatch]]></selectoptions>
				<defaultvalue>90percentile</defaultvalue>
			</option>
			<!-- /security.blacklist.stopforumspam -->
			<!-- security.antispam.captcha -->
			<option name="captcha_type">
				<categoryname>security.antispam.captcha</categoryname>
				<optiontype>captchaSelect</optiontype>
				<enableoptions>:!register_use_captcha,!lost_password_use_captcha</enableoptions>
				<allowemptyvalue>1</allowemptyvalue>
			</option>
			<option name="register_use_captcha">
				<categoryname>security.antispam.captcha</categoryname>
				<optiontype>boolean</optiontype>
				<defaultvalue>1</defaultvalue>
			</option>
			<option name="lost_password_use_captcha">
				<categoryname>security.antispam.captcha</categoryname>
				<optiontype>boolean</optiontype>
				<defaultvalue>1</defaultvalue>
			</option>
			<!-- /security.antispam.captcha -->
			<!-- security.antispam.recaptcha -->
			<option name="recaptcha_publickey_v3">
				<categoryname>security.antispam.recaptcha</categoryname>
				<optiontype>text</optiontype>
				<validationpattern>^[^/]*$</validationpattern>
				<showorder>1</showorder>
			</option>
			<option name="recaptcha_privatekey_v3">
				<categoryname>security.antispam.recaptcha</categoryname>
				<optiontype>text</optiontype>
				<validationpattern>^[^/]*$</validationpattern>
				<showorder>2</showorder>
			</option>
			<option name="recaptcha_publickey">
				<categoryname>security.antispam.recaptcha</categoryname>
				<optiontype>text</optiontype>
				<validationpattern>^[^/]*$</validationpattern>
				<showorder>3</showorder>
			</option>
			<option name="recaptcha_privatekey">
				<categoryname>security.antispam.recaptcha</categoryname>
				<optiontype>text</optiontype>
				<validationpattern>^[^/]*$</validationpattern>
				<showorder>4</showorder>
			</option>
			<option name="recaptcha_publickey_invisible">
				<categoryname>security.antispam.recaptcha</categoryname>
				<optiontype>text</optiontype>
				<validationpattern>^[^/]*$</validationpattern>
				<showorder>5</showorder>
			</option>
			<option name="recaptcha_privatekey_invisible">
				<categoryname>security.antispam.recaptcha</categoryname>
				<optiontype>text</optiontype>
				<validationpattern>^[^/]*$</validationpattern>
				<showorder>6</showorder>
			</option>
			<!-- /security.antispam.recaptcha -->
			<!-- general.system.date -->
			<option name="timezone">
				<categoryname>general.system.date</categoryname>
				<optiontype>timezone</optiontype>
				<defaultvalue>UTC</defaultvalue>
			</option>
			<!-- /general.system.date -->
			<!-- general.system.googleMaps -->
			<option name="google_maps_api_key">
				<categoryname>general.system.googleMaps</categoryname>
				<optiontype>text</optiontype>
				<showorder>1</showorder>
			</option>
			<option name="google_maps_zoom">
				<categoryname>general.system.googleMaps</categoryname>
				<optiontype>select</optiontype>
				<defaultvalue>13</defaultvalue>
				<selectoptions>1
2
3
4
5
6
7
8
9
10
11
12
13
14
15
16
17</selectoptions>
			</option>
			<option name="google_maps_default_latitude">
				<categoryname>general.system.googleMaps</categoryname>
				<optiontype>float</optiontype>
				<defaultvalue>52.517</defaultvalue>
			</option>
			<option name="google_maps_default_longitude">
				<categoryname>general.system.googleMaps</categoryname>
				<optiontype>float</optiontype>
				<defaultvalue>13.4</defaultvalue>
			</option>
			<!-- /general.system.googleMaps -->
			<!-- general.mail.general -->
			<option name="mail_from_name">
				<categoryname>general.mail.general</categoryname>
				<optiontype>text</optiontype>
			</option>
			<option name="mail_from_address">
				<categoryname>general.mail.general</categoryname>
				<optiontype>text</optiontype>
				<validationpattern>^.+@.+\..+$</validationpattern>
			</option>
			<option name="mail_admin_address">
				<categoryname>general.mail.general</categoryname>
				<optiontype>text</optiontype>
				<validationpattern>^.+@.+\..+$</validationpattern>
			</option>
			<option name="mail_signature">
				<categoryname>general.mail.general</categoryname>
				<optiontype>textareaI18n</optiontype>
				<supporti18n>1</supporti18n>
			</option>
			<option name="mail_signature_html">
				<categoryname>general.mail.general</categoryname>
				<optiontype>textareaI18n</optiontype>
				<supporti18n>1</supporti18n>
			</option>
			<!-- /general.mail.general -->
			<!-- general.mail.send -->
			<option name="mail_send_method">
				<categoryname>general.mail.send</categoryname>
				<optiontype>radioButton</optiontype>
				<defaultvalue>php</defaultvalue>
				<enableoptions>php:mail_use_f_param,!mail_smtp_host,!mail_smtp_port,!mail_smtp_starttls,!mail_smtp_user,!mail_smtp_password
smtp:!mail_use_f_param,mail_smtp_host,mail_smtp_port,mail_smtp_starttls,mail_smtp_user,mail_smtp_password
debug:!mail_use_f_param,!mail_smtp_host,!mail_smtp_port,!mail_smtp_starttls,!mail_smtp_user,!mail_smtp_password
debugFolder:!mail_use_f_param,!mail_smtp_host,!mail_smtp_port,!mail_smtp_starttls,!mail_smtp_user,!mail_smtp_password</enableoptions>
				<selectoptions>php:wcf.acp.option.mail_send_method.php
smtp:wcf.acp.option.mail_send_method.smtp
debug:wcf.acp.option.mail_send_method.debug
debugFolder:wcf.acp.option.mail_send_method.debugFolder</selectoptions>
			</option>
			<option name="mail_smtp_host">
				<categoryname>general.mail.send</categoryname>
				<optiontype>text</optiontype>
			</option>
			<option name="mail_smtp_port">
				<categoryname>general.mail.send</categoryname>
				<optiontype>integer</optiontype>
				<defaultvalue>587</defaultvalue>
				<minvalue>0</minvalue>
				<maxvalue>65535</maxvalue>
			</option>
			<option name="mail_smtp_starttls">
				<categoryname>general.mail.send</categoryname>
				<optiontype>radioButton</optiontype>
				<defaultvalue>encrypt</defaultvalue>
				<selectoptions>none:wcf.acp.option.mail_smtp_starttls.none
encrypt:wcf.acp.option.mail_smtp_starttls.encrypt</selectoptions>
			</option>
			<option name="mail_smtp_user">
				<categoryname>general.mail.send</categoryname>
				<optiontype>text</optiontype>
				<disableAutocomplete>1</disableAutocomplete>
			</option>
			<option name="mail_smtp_password">
				<categoryname>general.mail.send</categoryname>
				<optiontype>password</optiontype>
			</option>
			<option name="mail_use_f_param">
				<categoryname>general.mail.send</categoryname>
				<optiontype>boolean</optiontype>
				<defaultvalue>1</defaultvalue>
			</option>
			<!-- /general.mail.send -->
			<!-- general.cache -->
			<option name="cache_source_type">
				<categoryname>general.cache.general</categoryname>
				<optiontype>radioButton</optiontype>
				<defaultvalue>disk</defaultvalue>
				<enableoptions>disk:!cache_source_redis_host
redis:cache_source_redis_host</enableoptions>
				<selectoptions>disk:wcf.acp.option.cache_source_type.disk
redis:wcf.acp.option.cache_source_type.redis</selectoptions>
			</option>
			<option name="cache_source_redis_host">
				<categoryname>general.cache.redis</categoryname>
				<optiontype>text</optiontype>
			</option>
			<!-- /general.cache -->
			<!-- general.payment -->
			<option name="available_payment_methods">
				<categoryname>general.payment</categoryname>
				<optiontype>paymentMethodSelect</optiontype>
			</option>
			<option name="paypal_email_address">
				<categoryname>general.payment</categoryname>
				<optiontype>text</optiontype>
			</option>
			<option name="module_paid_subscription">
				<categoryname>general.payment.paidSubscription</categoryname>
				<optiontype>boolean</optiontype>
				<defaultvalue>0</defaultvalue>
			</option>
			<option name="paid_subscription_enable_tos_confirmation">
				<categoryname>general.payment.paidSubscription</categoryname>
				<optiontype>boolean</optiontype>
				<defaultvalue>0</defaultvalue>
				<enableoptions>paid_subscription_tos_url</enableoptions>
			</option>
			<option name="paid_subscription_tos_url">
				<categoryname>general.payment.paidSubscription</categoryname>
				<optiontype>text</optiontype>
			</option>
			<!-- /general.payment -->
			<option name="attachment_retain_dimensions">
				<categoryname>message.attachment</categoryname>
				<optiontype>boolean</optiontype>
				<defaultvalue>0</defaultvalue>
			</option>
			<option name="attachment_thumbnail_height">
				<categoryname>message.attachment</categoryname>
				<optiontype>integer</optiontype>
				<defaultvalue>198</defaultvalue>
				<minvalue>96</minvalue>
				<suffix>pixel</suffix>
			</option>
			<option name="attachment_thumbnail_width">
				<categoryname>message.attachment</categoryname>
				<optiontype>integer</optiontype>
				<defaultvalue>352</defaultvalue>
				<minvalue>96</minvalue>
				<suffix>pixel</suffix>
			</option>
			<option name="attachment_image_autoscale">
				<categoryname>message.attachment.autoscale</categoryname>
				<optiontype>boolean</optiontype>
				<defaultvalue>1</defaultvalue>
				<enableoptions>attachment_image_autoscale_max_width,attachment_image_autoscale_max_height,attachment_image_autoscale_file_type,attachment_image_autoscale_quality</enableoptions>
			</option>
			<option name="attachment_image_autoscale_max_width">
				<categoryname>message.attachment.autoscale</categoryname>
				<optiontype>integer</optiontype>
				<defaultvalue>1920</defaultvalue>
				<minvalue>96</minvalue>
				<suffix>pixel</suffix>
			</option>
			<option name="attachment_image_autoscale_max_height">
				<categoryname>message.attachment.autoscale</categoryname>
				<optiontype>integer</optiontype>
				<defaultvalue>1200</defaultvalue>
				<minvalue>96</minvalue>
				<suffix>pixel</suffix>
			</option>
			<option name="attachment_image_autoscale_file_type">
				<categoryname>message.attachment.autoscale</categoryname>
				<optiontype>radioButton</optiontype>
				<defaultvalue>image/jpeg</defaultvalue>
				<selectoptions>keep:wcf.acp.option.attachment_image_autoscale_file_type.keep
image/jpeg:wcf.acp.option.attachment_image_autoscale_file_type.jpeg</selectoptions>
			</option>
			<!-- message.general.edit -->
			<option name="module_edit_history">
				<categoryname>message.general.edit</categoryname>
				<optiontype>boolean</optiontype>
				<defaultvalue>1</defaultvalue>
				<enableoptions>edit_history_expiration</enableoptions>
			</option>
			<option name="edit_history_expiration">
				<categoryname>message.general.edit</categoryname>
				<optiontype>integer</optiontype>
				<defaultvalue>90</defaultvalue>
				<minvalue>0</minvalue>
				<suffix>days</suffix>
			</option>
			<!-- /message.general.edit -->
			<!-- message.general.share -->
			<option name="enable_share_buttons">
				<categoryname>message.general.share</categoryname>
				<optiontype>boolean</optiontype>
				<defaultvalue>1</defaultvalue>
			</option>
			<option name="share_buttons_providers">
				<categoryname>message.general.share</categoryname>
				<optiontype>checkboxes</optiontype>
				<defaultvalue>Facebook
Twitter
Reddit
LinkedIn
Pinterest</defaultvalue>
				<selectoptions>Facebook
Twitter
Reddit
WhatsApp
LinkedIn
Pinterest
XING</selectoptions>
			</option>
			<!-- /message.general.share -->
			<!-- message.general.image -->
			<option name="image_allow_external_source">
				<categoryname>message.general.image</categoryname>
				<optiontype>boolean</optiontype>
				<defaultvalue>0</defaultvalue>
				<enableoptions>!image_external_source_whitelist</enableoptions>
			</option>
			<option name="image_external_source_whitelist">
				<categoryname>message.general.image</categoryname>
				<optiontype>lineBreakSeparatedText</optiontype>
			</option>
			<option name="message_force_secure_images">
				<categoryname>message.general.image</categoryname>
				<optiontype>boolean</optiontype>
				<defaultvalue>0</defaultvalue>
			</option>
			<option name="module_image_proxy">
				<categoryname>message.general.imageProxy</categoryname>
				<optiontype>boolean</optiontype>
				<defaultvalue>0</defaultvalue>
				<enableoptions>image_proxy_insecure_only,image_proxy_enable_prune,image_proxy_expiration,image_proxy_host_whitelist</enableoptions>
			</option>
			<option name="image_proxy_insecure_only">
				<categoryname>message.general.imageProxy</categoryname>
				<optiontype>boolean</optiontype>
				<defaultvalue>0</defaultvalue>
			</option>
			<option name="image_proxy_enable_prune">
				<categoryname>message.general.imageProxy</categoryname>
				<optiontype>boolean</optiontype>
				<defaultvalue>1</defaultvalue>
				<enableoptions>image_proxy_expiration</enableoptions>
			</option>
			<option name="image_proxy_expiration">
				<categoryname>message.general.imageProxy</categoryname>
				<optiontype>integer</optiontype>
				<defaultvalue>14</defaultvalue>
				<minvalue>7</minvalue>
				<maxvalue>30</maxvalue>
				<suffix>days</suffix>
			</option>
			<option name="image_proxy_host_whitelist">
				<categoryname>message.general.imageProxy</categoryname>
				<optiontype>lineBreakSeparatedText</optiontype>
			</option>
			<!-- /message.general.image -->
			<!-- message.general.unfurl -->
			<option name="module_url_unfurling">
				<categoryname>message.general.unfurl</categoryname>
				<optiontype>boolean</optiontype>
				<enableoptions>url_unfurling_save_images</enableoptions>
				<defaultvalue>1</defaultvalue>
				<showorder>1</showorder>
			</option>
			<option name="url_unfurling_save_images">
				<categoryname>message.general.unfurl</categoryname>
				<optiontype>boolean</optiontype>
				<defaultvalue>1</defaultvalue>
				<showorder>2</showorder>
			</option>
			<!-- /message.general.unfurl -->
			<!-- message.general.formatting -->
			<option name="formatting_remove_color">
				<categoryname>message.general.formatting</categoryname>
				<optiontype>boolean</optiontype>
				<defaultvalue>1</defaultvalue>
			</option>
			<option name="formatting_remove_font">
				<categoryname>message.general.formatting</categoryname>
				<optiontype>boolean</optiontype>
				<defaultvalue>1</defaultvalue>
			</option>
			<option name="formatting_remove_size">
				<categoryname>message.general.formatting</categoryname>
				<optiontype>boolean</optiontype>
				<defaultvalue>1</defaultvalue>
			</option>
			<!-- /message.general.formatting -->
			<!-- message.censorship -->
			<option name="censored_words">
				<categoryname>message.censorship</categoryname>
				<optiontype>lineBreakSeparatedText</optiontype>
			</option>
			<!-- /message.censorship -->
			<option name="password_min_score">
				<categoryname>user.password</categoryname>
				<optiontype>select</optiontype>
				<selectoptions>0:wcf.acp.option.password_min_score.0
1:wcf.acp.option.password_min_score.1
2:wcf.acp.option.password_min_score.2
3:wcf.acp.option.password_min_score.3</selectoptions>
				<defaultvalue>1</defaultvalue>
			</option>
			<!-- /user.password -->
			<!-- user.ban -->
			<option name="register_forbidden_usernames">
				<categoryname>user.ban</categoryname>
				<optiontype>lineBreakSeparatedText</optiontype>
			</option>
			<option name="register_forbidden_emails">
				<categoryname>user.ban</categoryname>
				<optiontype>lineBreakSeparatedText</optiontype>
			</option>
			<option name="register_allowed_emails">
				<categoryname>user.ban</categoryname>
				<optiontype>lineBreakSeparatedText</optiontype>
			</option>
			<!-- /user.ban -->
			<!-- user.register -->
			<option name="force_login">
				<categoryname>user.register</categoryname>
				<optiontype>boolean</optiontype>
				<defaultvalue>0</defaultvalue>
			</option>
			<option name="register_disabled">
				<categoryname>user.register</categoryname>
				<optiontype>boolean</optiontype>
				<defaultvalue>0</defaultvalue>
				<enableoptions>!register_enable_disclaimer,!register_activation_method</enableoptions>
			</option>
			<option name="register_enable_disclaimer">
				<categoryname>user.register</categoryname>
				<optiontype>boolean</optiontype>
				<defaultvalue>1</defaultvalue>
			</option>
			<option name="register_activation_method">
				<categoryname>user.register</categoryname>
				<optiontype>radioButton</optiontype>
				<defaultvalue>1</defaultvalue>
				<selectoptions>0:wcf.acp.option.register_activation_method.disabled
1:wcf.acp.option.register_activation_method.byUser
2:wcf.acp.option.register_activation_method.byAdmin
3:wcf.acp.option.register_activation_method.byUserAndAdmin</selectoptions>
			</option>
			<option name="register_antispam_action">
				<categoryname>user.register</categoryname>
				<optiontype>select</optiontype>
				<selectoptions><![CDATA[disable:wcf.acp.option.register_antispam_action.disable
block:wcf.acp.option.register_antispam_action.block]]></selectoptions>
				<defaultvalue>disable</defaultvalue>
			</option>
			<option name="register_username_min_length">
				<categoryname>user.register</categoryname>
				<optiontype>integer</optiontype>
				<defaultvalue>3</defaultvalue>
				<minvalue>3</minvalue>
				<maxvalue>100</maxvalue>
				<suffix>chars</suffix>
			</option>
			<option name="register_username_max_length">
				<categoryname>user.register</categoryname>
				<optiontype>integer</optiontype>
				<defaultvalue>25</defaultvalue>
				<minvalue>3</minvalue>
				<maxvalue>100</maxvalue>
				<suffix>chars</suffix>
			</option>
			<option name="register_username_force_ascii">
				<categoryname>user.register</categoryname>
				<optiontype>radioButton</optiontype>
				<defaultvalue>2</defaultvalue>
				<selectoptions>0:wcf.acp.option.register_username_force_ascii.disabled
1:wcf.acp.option.register_username_force_ascii.ascii
2:wcf.acp.option.register_username_force_ascii.suspicious</selectoptions>
			</option>
			<option name="register_min_user_age">
				<categoryname>user.register</categoryname>
				<optiontype>integer</optiontype>
				<defaultvalue>0</defaultvalue>
				<minvalue>0</minvalue>
				<suffix>years</suffix>
			</option>
			<!-- /user.register -->
			<!-- user.3rdPartyAuth -->
			<option name="github_public_key">
				<categoryname>user.3rdPartyAuth</categoryname>
				<optiontype>text</optiontype>
			</option>
			<option name="github_private_key">
				<categoryname>user.3rdPartyAuth</categoryname>
				<optiontype>text</optiontype>
			</option>
			<option name="twitter_public_key">
				<categoryname>user.3rdPartyAuth</categoryname>
				<optiontype>text</optiontype>
			</option>
			<option name="twitter_private_key">
				<categoryname>user.3rdPartyAuth</categoryname>
				<optiontype>text</optiontype>
			</option>
			<option name="facebook_public_key">
				<categoryname>user.3rdPartyAuth</categoryname>
				<optiontype>text</optiontype>
			</option>
			<option name="facebook_private_key">
				<categoryname>user.3rdPartyAuth</categoryname>
				<optiontype>text</optiontype>
			</option>
			<option name="google_public_key">
				<categoryname>user.3rdPartyAuth</categoryname>
				<optiontype>text</optiontype>
			</option>
			<option name="google_private_key">
				<categoryname>user.3rdPartyAuth</categoryname>
				<optiontype>text</optiontype>
			</option>
			<!-- /user.3rdPartyAuth -->
			<!-- user.avatar -->
			<option name="avatar_default_type">
				<categoryname>user.avatar</categoryname>
				<optiontype>select</optiontype>
				<defaultvalue>initials</defaultvalue>
				<selectoptions>initials:wcf.acp.option.avatar_default_type.initials
silhouette:wcf.acp.option.avatar_default_type.silhouette</selectoptions>
			</option>
			<!-- /user.avatar -->
			<!-- user.signature -->
			<option name="signature_max_image_height">
				<categoryname>user.signature</categoryname>
				<optiontype>integer</optiontype>
				<defaultvalue>150</defaultvalue>
				<options>module_user_signature</options>
				<minvalue>0</minvalue>
				<suffix>pixel</suffix>
			</option>
			<!-- /user.signature -->
			<!-- user.title -->
			<option name="user_title_max_length">
				<categoryname>user.title</categoryname>
				<optiontype>integer</optiontype>
				<defaultvalue>25</defaultvalue>
				<options>module_user_rank</options>
				<minvalue>0</minvalue>
				<suffix>chars</suffix>
			</option>
			<option name="user_forbidden_titles">
				<categoryname>user.title</categoryname>
				<optiontype>lineBreakSeparatedText</optiontype>
				<options>module_user_rank</options>
			</option>
			<!-- /user.title -->
			<!-- user.profile -->
			<option name="profile_show_old_username">
				<categoryname>user.profile</categoryname>
				<optiontype>integer</optiontype>
				<defaultvalue>182</defaultvalue>
				<minvalue>0</minvalue>
				<suffix>days</suffix>
			</option>
			<option name="profile_enable_visitors">
				<categoryname>user.profile</categoryname>
				<optiontype>boolean</optiontype>
				<defaultvalue>1</defaultvalue>
			</option>
			<!-- /user.profile -->
			<!-- user.list.members -->
			<option name="members_list_users_per_page">
				<categoryname>user.list.members</categoryname>
				<optiontype>integer</optiontype>
				<defaultvalue>30</defaultvalue>
				<minvalue>5</minvalue>
				<maxvalue>100</maxvalue>
			</option>
			<option name="members_list_default_sort_field">
				<categoryname>user.list.members</categoryname>
				<optiontype>select</optiontype>
				<defaultvalue>username</defaultvalue>
				<selectoptions>username:wcf.user.username
registrationDate:wcf.user.registrationDate
activityPoints:wcf.user.activityPoint
likesReceived:wcf.like.likesReceived
lastActivityTime:wcf.user.usersOnline.lastActivity</selectoptions>
			</option>
			<option name="members_list_default_sort_order">
				<categoryname>user.list.members</categoryname>
				<optiontype>select</optiontype>
				<defaultvalue>DESC</defaultvalue>
				<selectoptions>ASC:wcf.global.sortOrder.ascending
DESC:wcf.global.sortOrder.descending</selectoptions>
			</option>
			<!-- /user.list.members -->
			<!-- user.list.online -->
			<option name="users_online_show_guests">
				<categoryname>user.list.online</categoryname>
				<optiontype>boolean</optiontype>
				<defaultvalue>1</defaultvalue>
			</option>
			<option name="users_online_show_robots">
				<categoryname>user.list.online</categoryname>
				<optiontype>boolean</optiontype>
				<defaultvalue>1</defaultvalue>
			</option>
			<option name="users_online_default_sort_field">
				<categoryname>user.list.online</categoryname>
				<optiontype>select</optiontype>
				<defaultvalue>lastActivityTime</defaultvalue>
				<selectoptions>username:wcf.user.username
lastActivityTime:wcf.user.usersOnline.lastActivity
requestURI:wcf.user.usersOnline.location</selectoptions>
			</option>
			<option name="users_online_default_sort_order">
				<categoryname>user.list.online</categoryname>
				<optiontype>select</optiontype>
				<defaultvalue>DESC</defaultvalue>
				<selectoptions>ASC:wcf.global.sortOrder.ascending
DESC:wcf.global.sortOrder.descending</selectoptions>
			</option>
			<option name="users_online_page_refresh">
				<categoryname>user.list.online</categoryname>
				<optiontype>integer</optiontype>
				<defaultvalue>0</defaultvalue>
				<minvalue>0</minvalue>
				<suffix>seconds</suffix>
			</option>
			<option name="users_online_enable_legend">
				<categoryname>user.list.online</categoryname>
				<optiontype>boolean</optiontype>
				<defaultvalue>1</defaultvalue>
				<options>module_users_online</options>
			</option>
			<option name="users_online_record">
				<categoryname>user.list.online</categoryname>
				<optiontype>integer</optiontype>
				<hidden>1</hidden>
			</option>
			<option name="users_online_record_time">
				<categoryname>user.list.online</categoryname>
				<optiontype>integer</optiontype>
				<hidden>1</hidden>
			</option>
			<!-- /user.list.online -->
			<!-- user.cleanup -->
			<option name="user_cleanup_notification_lifetime">
				<categoryname>user.cleanup</categoryname>
				<optiontype>integer</optiontype>
				<defaultvalue>31</defaultvalue>
				<minvalue>1</minvalue>
				<suffix>days</suffix>
			</option>
			<option name="user_cleanup_activity_event_lifetime">
				<categoryname>user.cleanup</categoryname>
				<optiontype>integer</optiontype>
				<defaultvalue>60</defaultvalue>
				<minvalue>1</minvalue>
				<suffix>days</suffix>
			</option>
			<option name="user_cleanup_profile_visitor_lifetime">
				<categoryname>user.cleanup</categoryname>
				<optiontype>integer</optiontype>
				<defaultvalue>60</defaultvalue>
				<minvalue>1</minvalue>
				<suffix>days</suffix>
			</option>
			<!-- /user.cleanup -->
			<option name="like_show_summary">
				<categoryname>message.general.likes</categoryname>
				<optiontype>boolean</optiontype>
				<defaultvalue>0</defaultvalue>
				<options>module_like</options>
				<hidden>1</hidden>
			</option>
			<option name="message_sidebar_enable_online_status">
				<categoryname>message.sidebar</categoryname>
				<optiontype>boolean</optiontype>
				<defaultvalue>1</defaultvalue>
			</option>
			<option name="message_sidebar_enable_likes_received">
				<categoryname>message.sidebar</categoryname>
				<optiontype>boolean</optiontype>
				<defaultvalue>1</defaultvalue>
				<options>module_like</options>
			</option>
			<option name="message_sidebar_enable_activity_points">
				<categoryname>message.sidebar</categoryname>
				<optiontype>boolean</optiontype>
				<defaultvalue>0</defaultvalue>
			</option>
			<option name="message_sidebar_enable_trophy_points">
				<categoryname>message.sidebar</categoryname>
				<optiontype>boolean</optiontype>
				<defaultvalue>1</defaultvalue>
				<options>module_trophy</options>
			</option>
			<option name="message_sidebar_user_options">
				<categoryname>message.sidebar</categoryname>
				<optiontype>useroptions</optiontype>
				<issortable>1</issortable>
			</option>
			<!-- message.general -->
			<option name="tagging_max_tag_length">
				<categoryname>message.general</categoryname>
				<optiontype>integer</optiontype>
				<defaultvalue>30</defaultvalue>
				<options>module_tagging</options>
				<minvalue>1</minvalue>
				<maxvalue>255</maxvalue>
				<suffix>chars</suffix>
			</option>
			<option name="message_max_quote_depth">
				<categoryname>message.general</categoryname>
				<optiontype>integer</optiontype>
				<defaultvalue>1</defaultvalue>
				<minvalue>0</minvalue>
				<maxvalue>255</maxvalue>
			</option>
			<option name="message_enable_toc">
				<categoryname>message.general</categoryname>
				<optiontype>boolean</optiontype>
				<defaultvalue>1</defaultvalue>
			</option>
			<option name="message_public_highlighters">
				<categoryname>message.general</categoryname>
				<optiontype>highlighters</optiontype>
				<defaultvalue>c
cpp
csharp
css
go
html
java
javascript
json
php
python
ruby
rust
sql
typescript
xml
yaml</defaultvalue>
			</option>
			<option name="message_enable_user_consent">
				<categoryname>message.general</categoryname>
				<optiontype>boolean</optiontype>
				<defaultvalue>1</defaultvalue>
			</option>
			<option name="modification_log_expiration">
				<categoryname>message.general</categoryname>
				<optiontype>integer</optiontype>
				<defaultvalue>0</defaultvalue>
				<minvalue>0</minvalue>
				<maxvalue>365</maxvalue>
				<suffix>days</suffix>
			</option>
			<!-- /message.general -->
			<option name="search_results_per_page">
				<categoryname>message.search</categoryname>
				<optiontype>integer</optiontype>
				<defaultvalue>20</defaultvalue>
				<minvalue>5</minvalue>
				<maxvalue>40</maxvalue>
			</option>
			<option name="search_default_sort_field">
				<categoryname>message.search</categoryname>
				<optiontype>select</optiontype>
				<defaultvalue>time</defaultvalue>
				<selectoptions>relevance:wcf.search.sortBy.relevance
subject:wcf.global.subject
time:wcf.search.sortBy.time
username:wcf.search.sortBy.username</selectoptions>
			</option>
			<option name="search_default_sort_order">
				<categoryname>message.search</categoryname>
				<optiontype>select</optiontype>
				<defaultvalue>DESC</defaultvalue>
				<selectoptions>ASC:wcf.global.sortOrder.ascending
DESC:wcf.global.sortOrder.descending</selectoptions>
			</option>
			<option name="search_max_combined_tags">
				<categoryname>message.search</categoryname>
				<optiontype>integer</optiontype>
				<defaultvalue>3</defaultvalue>
				<options>module_tagging</options>
				<minvalue>1</minvalue>
				<maxvalue>10</maxvalue>
			</option>
			<option name="search_enable_pages">
				<categoryname>message.search</categoryname>
				<optiontype>boolean</optiontype>
				<defaultvalue>1</defaultvalue>
			</option>
			<option name="search_enable_articles">
				<categoryname>message.search</categoryname>
				<optiontype>boolean</optiontype>
				<defaultvalue>1</defaultvalue>
			</option>
			<!-- message.general.poll -->
			<option name="poll_max_options">
				<categoryname>message.general.poll</categoryname>
				<optiontype>integer</optiontype>
				<defaultvalue>20</defaultvalue>
				<minvalue>2</minvalue>
				<maxvalue>100</maxvalue>
			</option>
			<option name="poll_full_width">
				<categoryname>message.general.poll</categoryname>
				<optiontype>boolean</optiontype>
				<defaultvalue>0</defaultvalue>
			</option>
			<!-- /message.general.poll -->
			<!-- message.contactForm -->
			<option name="module_contact_form">
				<categoryname>message.contactForm</categoryname>
				<optiontype>boolean</optiontype>
				<defaultvalue>0</defaultvalue>
				<enableoptions>contact_form_enable_attachments</enableoptions>
			</option>
			<option name="contact_form_enable_attachments">
				<categoryname>message.contactForm</categoryname>
				<optiontype>boolean</optiontype>
				<defaultvalue>0</defaultvalue>
				<enableoptions>contact_form_prune_attachments</enableoptions>
			</option>
			<option name="contact_form_prune_attachments">
				<categoryname>message.contactForm</categoryname>
				<optiontype>integer</optiontype>
				<defaultvalue>180</defaultvalue>
				<minvalue>0</minvalue>
				<maxvalue>365</maxvalue>
				<suffix>days</suffix>
			</option>
			<!-- /message.contactForm -->
			<!-- cms.media.thumbnail -->
			<option name="media_small_thumbnail_width">
				<categoryname>cms.media.thumbnail</categoryname>
				<optiontype>integer</optiontype>
				<defaultvalue>280</defaultvalue>
				<minvalue>145</minvalue>
				<maxvalue>400</maxvalue>
				<suffix>pixel</suffix>
			</option>
			<option name="media_small_thumbnail_height">
				<categoryname>cms.media.thumbnail</categoryname>
				<optiontype>integer</optiontype>
				<defaultvalue>210</defaultvalue>
				<minvalue>145</minvalue>
				<maxvalue>300</maxvalue>
				<suffix>pixel</suffix>
			</option>
			<option name="media_small_thumbnail_retain_dimensions">
				<categoryname>cms.media.thumbnail</categoryname>
				<optiontype>boolean</optiontype>
				<defaultvalue>1</defaultvalue>
			</option>
			<option name="media_medium_thumbnail_width">
				<categoryname>cms.media.thumbnail</categoryname>
				<optiontype>integer</optiontype>
				<defaultvalue>560</defaultvalue>
				<minvalue>400</minvalue>
				<maxvalue>900</maxvalue>
				<suffix>pixel</suffix>
			</option>
			<option name="media_medium_thumbnail_height">
				<categoryname>cms.media.thumbnail</categoryname>
				<optiontype>integer</optiontype>
				<defaultvalue>420</defaultvalue>
				<minvalue>300</minvalue>
				<maxvalue>700</maxvalue>
				<suffix>pixel</suffix>
			</option>
			<option name="media_medium_thumbnail_retain_dimensions">
				<categoryname>cms.media.thumbnail</categoryname>
				<optiontype>boolean</optiontype>
				<defaultvalue>1</defaultvalue>
			</option>
			<option name="media_large_thumbnail_width">
				<categoryname>cms.media.thumbnail</categoryname>
				<optiontype>integer</optiontype>
				<defaultvalue>1200</defaultvalue>
				<minvalue>900</minvalue>
				<suffix>pixel</suffix>
			</option>
			<option name="media_large_thumbnail_height">
				<categoryname>cms.media.thumbnail</categoryname>
				<optiontype>integer</optiontype>
				<defaultvalue>900</defaultvalue>
				<minvalue>700</minvalue>
				<suffix>pixel</suffix>
			</option>
			<option name="media_large_thumbnail_retain_dimensions">
				<categoryname>cms.media.thumbnail</categoryname>
				<optiontype>boolean</optiontype>
				<defaultvalue>1</defaultvalue>
			</option>
			<!-- /cms.media.thumbnail -->
			<!-- cms.article -->
			<option name="article_show_about_author">
				<categoryname>cms.article</categoryname>
				<optiontype>boolean</optiontype>
				<defaultvalue>0</defaultvalue>
				<options>module_article</options>
			</option>
			<option name="article_enable_comments_default_value">
				<categoryname>cms.article</categoryname>
				<optiontype>boolean</optiontype>
				<defaultvalue>1</defaultvalue>
				<options>module_article</options>
			</option>
			<option name="article_enable_like">
				<categoryname>cms.article</categoryname>
				<optiontype>boolean</optiontype>
				<defaultvalue>1</defaultvalue>
				<options>module_article</options>
			</option>
			<option name="articles_per_page">
				<categoryname>cms.article</categoryname>
				<optiontype>integer</optiontype>
				<defaultvalue>20</defaultvalue>
				<options>module_article</options>
				<minvalue>1</minvalue>
			</option>
			<option name="article_related_articles">
				<categoryname>cms.article</categoryname>
				<optiontype>integer</optiontype>
				<defaultvalue>3</defaultvalue>
				<options>module_article</options>
				<minvalue>0</minvalue>
			</option>
			<option name="article_related_articles_match_threshold">
				<categoryname>cms.article</categoryname>
				<optiontype>integer</optiontype>
				<defaultvalue>50</defaultvalue>
				<options>module_article</options>
				<minvalue>1</minvalue>
				<maxvalue>100</maxvalue>
				<suffix>percent</suffix>
			</option>
			<option name="article_sort_order">
				<categoryname>cms.article</categoryname>
				<optiontype>select</optiontype>
				<defaultvalue>DESC</defaultvalue>
				<options>module_article</options>
				<selectoptions>ASC:wcf.global.sortOrder.ascending
DESC:wcf.global.sortOrder.descending</selectoptions>
			</option>
			<option name="log_missing_language_items">
				<categoryname>module.development</categoryname>
				<optiontype>boolean</optiontype>
				<defaultvalue>0</defaultvalue>
			</option>
		</options>
	</import>
	<delete>
		<option name="desktop_notification_package_id"/>
		<option name="http_send_x_frame_options"/>
		<option name="cache_source_memcached_host"/>
		<option name="module_gravatar"/>
		<option name="gravatar_default_type"/>
		<option name="module_cookie_policy_page"/>
		<option name="google_maps_type"/>
		<option name="google_maps_enable_scale_control"/>
		<option name="google_maps_enable_dragging"/>
		<option name="google_maps_enable_scroll_wheel_zoom"/>
		<option name="google_maps_enable_double_click_zoom"/>
		<option name="google_maps_access_user_location"/>
		<option name="module_amp"/>
		<option name="article_enable_visit_tracking"/>
		<option name="enable_woltlab_news"/>
		<option name="users_online_record_no_guests"/>
		<option name="blacklist_sfs_action"/>
		<option name="message_sidebar_enable_articles"/>
		<category name="security.blacklist"/>
		<category name="security.blacklist.custom"/>

		<option name="attachment_image_autoscale_quality"/>
	</delete>
</data>
