<?xml version="1.0" encoding="UTF-8"?>
<data xmlns="http://www.woltlab.com" xmlns:xsi="http://www.w3.org/2001/XMLSchema-instance" xsi:schemaLocation="http://www.woltlab.com http://www.woltlab.com/XSD/6.0/packageInstallationPlugin.xsd">
	<import>
		<pip name="aclOption">wcf\system\package\plugin\ACLOptionPackageInstallationPlugin</pip>
		<pip name="acpMenu">wcf\system\package\plugin\ACPMenuPackageInstallationPlugin</pip>
		<pip name="acpTemplate">wcf\system\package\plugin\ACPTemplatePackageInstallationPlugin</pip>
		<pip name="clipboardAction">wcf\system\package\plugin\ClipboardActionPackageInstallationPlugin</pip>
		<pip name="coreObject">wcf\system\package\plugin\CoreObjectPackageInstallationPlugin</pip>
		<pip name="cronjob">wcf\system\package\plugin\CronjobPackageInstallationPlugin</pip>
		<pip name="eventListener">wcf\system\package\plugin\EventListenerPackageInstallationPlugin</pip>
		<pip name="file">wcf\system\package\plugin\FilePackageInstallationPlugin</pip>
		<pip name="language">wcf\system\package\plugin\LanguagePackageInstallationPlugin</pip>
		<pip name="objectType">wcf\system\package\plugin\ObjectTypePackageInstallationPlugin</pip>
		<pip name="objectTypeDefinition">wcf\system\package\plugin\ObjectTypeDefinitionPackageInstallationPlugin</pip>
		<pip name="option">wcf\system\package\plugin\OptionPackageInstallationPlugin</pip>
		<pip name="page">wcf\system\package\plugin\PagePackageInstallationPlugin</pip>
		<pip name="script">wcf\system\package\plugin\ScriptPackageInstallationPlugin</pip>
		<pip name="sql">wcf\system\package\plugin\SQLPackageInstallationPlugin</pip>
		<pip name="templateListener">wcf\system\package\plugin\TemplateListenerPackageInstallationPlugin</pip>
		<pip name="template">wcf\system\package\plugin\TemplatePackageInstallationPlugin</pip>
		<pip name="userGroupOption">wcf\system\package\plugin\UserGroupOptionPackageInstallationPlugin</pip>
		<pip name="userOption">wcf\system\package\plugin\UserOptionPackageInstallationPlugin</pip>
		<pip name="acpSearchProvider">wcf\system\package\plugin\ACPSearchProviderPackageInstallationPlugin</pip>
		<pip name="style">wcf\system\package\plugin\StylePackageInstallationPlugin</pip>
		<pip name="bbcode">wcf\system\package\plugin\BBCodePackageInstallationPlugin</pip>
		<pip name="smiley">wcf\system\package\plugin\SmileyPackageInstallationPlugin</pip>
		<pip name="userProfileMenu">wcf\system\package\plugin\UserProfileMenuPackageInstallationPlugin</pip>
		<pip name="userMenu">wcf\system\package\plugin\UserMenuPackageInstallationPlugin</pip>
		<pip name="userNotificationEvent">wcf\system\package\plugin\UserNotificationEventPackageInstallationPlugin</pip>
		<pip name="box">wcf\system\package\plugin\BoxPackageInstallationPlugin</pip>
		<pip name="menu">wcf\system\package\plugin\MenuPackageInstallationPlugin</pip>
		<pip name="menuItem">wcf\system\package\plugin\MenuItemPackageInstallationPlugin</pip>
		<pip name="mediaProvider">wcf\system\package\plugin\MediaProviderPackageInstallationPlugin</pip>
		<pip name="database">wcf\system\package\plugin\DatabasePackageInstallationPlugin</pip>
		<pip name="fileDelete">wcf\system\package\plugin\FileDeletePackageInstallationPlugin</pip>
		<pip name="templateDelete">wcf\system\package\plugin\TemplateDeletePackageInstallationPlugin</pip>
		<pip name="acpTemplateDelete">wcf\system\package\plugin\AcpTemplateDeletePackageInstallationPlugin</pip>
	</import>
</data>
