<?xml version="1.0" encoding="UTF-8"?>
<data xmlns="http://www.woltlab.com" xmlns:xsi="http://www.w3.org/2001/XMLSchema-instance" xsi:schemaLocation="http://www.woltlab.com http://www.woltlab.com/XSD/6.0/userMenu.xsd">
	<import>
		<!-- profile -->
		<usermenuitem name="wcf.user.menu.profile">
			<showorder>1</showorder>
			<iconclassname solid="true">user</iconclassname>
		</usermenuitem>
		<usermenuitem name="wcf.user.menu.profile.accountManagement">
			<controller>wcf\form\AccountManagementForm</controller>
			<parent>wcf.user.menu.profile</parent>
			<showorder>1</showorder>
		</usermenuitem>
		<usermenuitem name="wcf.user.menu.profile.security">
			<controller>wcf\page\AccountSecurityPage</controller>
			<parent>wcf.user.menu.profile</parent>
			<showorder>2</showorder>
		</usermenuitem>
		<usermenuitem name="wcf.user.menu.profile.signature">
			<controller>wcf\form\SignatureEditForm</controller>
			<parent>wcf.user.menu.profile</parent>
			<options>module_user_signature</options>
			<permissions>user.signature.canEditSignature</permissions>
			<showorder>4</showorder>
		</usermenuitem>
		<!-- /profile -->
		<!-- settings -->
		<usermenuitem name="wcf.user.menu.settings">
			<showorder>2</showorder>
			<iconclassname>cog</iconclassname>
		</usermenuitem>
		<usermenuitem name="wcf.user.menu.settings.notification">
			<controller>wcf\form\NotificationSettingsForm</controller>
			<parent>wcf.user.menu.settings</parent>
		</usermenuitem>
		<usermenuitem name="wcf.user.menu.settings.paidSubscription">
			<controller>wcf\page\PaidSubscriptionListPage</controller>
			<parent>wcf.user.menu.settings</parent>
			<options>module_paid_subscription</options>
			<permissions>user.profile.payment.canBuyPaidSubscription</permissions>
		</usermenuitem>
		<!-- /settings -->
		<!-- community -->
		<usermenuitem name="wcf.user.menu.community">
			<showorder>3</showorder>
			<iconclassname>globe</iconclassname>
		</usermenuitem>
		<usermenuitem name="wcf.user.menu.community.following">
			<controller>wcf\page\FollowingPage</controller>
			<parent>wcf.user.menu.community</parent>
			<showorder>1</showorder>
		</usermenuitem>
		<usermenuitem name="wcf.user.menu.community.ignoredUsers">
			<controller>wcf\page\IgnoredUsersPage</controller>
			<parent>wcf.user.menu.community</parent>
			<showorder>2</showorder>
		</usermenuitem>
	</import>
	<delete>
		<usermenuitem name="wcf.user.menu.community.notification"/>
		<usermenuitem name="wcf.user.menu.profile.avatar"/>
	</delete>
</data>
