<?xml version="1.0" encoding="UTF-8"?>
<data xmlns="http://www.woltlab.com" xmlns:xsi="http://www.w3.org/2001/XMLSchema-instance" xsi:schemaLocation="http://www.woltlab.com http://www.woltlab.com/XSD/6.0/userNotificationEvent.xsd">
	<import>
		<event>
			<name>following</name>
			<objecttype>com.woltlab.wcf.user.follow</objecttype>
			<classname>wcf\system\user\notification\event\UserFollowFollowingUserNotificationEvent</classname>
		</event>
		<event>
			<name>comment</name>
			<objecttype>com.woltlab.wcf.user.profileComment.notification</objecttype>
			<classname>wcf\system\user\notification\event\UserProfileCommentUserNotificationEvent</classname>
			<options>module_user_profile_wall</options>
			<preset>1</preset>
		</event>
		<event>
			<name>commentResponse</name>
			<objecttype>com.woltlab.wcf.user.profileComment.response.notification</objecttype>
			<classname>wcf\system\user\notification\event\UserProfileCommentResponseUserNotificationEvent</classname>
			<options>module_user_profile_wall</options>
			<preset>1</preset>
		</event>
		<event>
			<name>commentResponseOwner</name>
			<objecttype>com.woltlab.wcf.user.profileComment.response.notification</objecttype>
			<classname>wcf\system\user\notification\event\UserProfileCommentResponseOwnerUserNotificationEvent</classname>
			<options>module_user_profile_wall</options>
			<preset>1</preset>
		</event>
		<event>
			<name>like</name>
			<objecttype>com.woltlab.wcf.user.profileComment.like.notification</objecttype>
			<classname>wcf\system\user\notification\event\UserProfileCommentLikeUserNotificationEvent</classname>
			<options>module_like</options>
			<preset>1</preset>
		</event>
		<event>
			<name>like</name>
			<objecttype>com.woltlab.wcf.user.profileComment.response.like.notification</objecttype>
			<classname>wcf\system\user\notification\event\UserProfileCommentResponseLikeUserNotificationEvent</classname>
			<options>module_like</options>
			<preset>1</preset>
		</event>
		<event>
			<name>report</name>
			<objecttype>com.woltlab.wcf.moderation.queue</objecttype>
			<classname>wcf\system\user\notification\event\ReportModerationQueueUserNotificationEvent</classname>
			<permissions>mod.general.canUseModeration</permissions>
			<preset>1</preset>
		</event>
		<event>
			<name>comment</name>
			<objecttype>com.woltlab.wcf.moderation.queue.notification</objecttype>
			<classname>wcf\system\user\notification\event\ModerationQueueCommentUserNotificationEvent</classname>
			<permissions>mod.general.canUseModeration</permissions>
			<preset>1</preset>
		</event>
		<event>
			<name>commentResponse</name>
			<objecttype>com.woltlab.wcf.moderation.queue.response.notification</objecttype>
			<classname>wcf\system\user\notification\event\ModerationQueueCommentResponseUserNotificationEvent</classname>
			<permissions>mod.general.canUseModeration</permissions>
			<preset>1</preset>
		</event>
		<event>
			<name>expiring</name>
			<objecttype>com.woltlab.wcf.paidSubscription.user</objecttype>
			<classname>wcf\system\user\notification\event\ExpiringPaidSubscriptionUserUserNotificationEvent</classname>
			<options>module_paid_subscription</options>
			<preset>1</preset>
		</event>
		<event>
			<name>received</name>
			<objecttype>com.woltlab.wcf.userTrophy.notification</objecttype>
			<classname>wcf\system\user\notification\event\UserTrophyReceivedNotificationEvent</classname>
			<options>module_trophy</options>
			<permissions>user.profile.trophy.canSeeTrophies</permissions>
			<preset>1</preset>
		</event>
		<event>
			<name>comment</name>
			<objecttype>com.woltlab.wcf.page.notification</objecttype>
			<classname>wcf\system\user\notification\event\PageCommentUserNotificationEvent</classname>
			<permissions>admin.content.cms.canManagePage</permissions>
			<preset>1</preset>
		</event>
		<event>
			<name>commentResponse</name>
			<objecttype>com.woltlab.wcf.page.response.notification</objecttype>
			<classname>wcf\system\user\notification\event\PageCommentResponseUserNotificationEvent</classname>
			<permissions>admin.content.cms.canManagePage</permissions>
			<preset>1</preset>
		</event>
		<event>
			<name>comment</name>
			<objecttype>com.woltlab.wcf.articleComment.notification</objecttype>
			<classname>wcf\system\user\notification\event\ArticleCommentUserNotificationEvent</classname>
			<preset>1</preset>
			<options>module_article</options>
		</event>
		<event>
			<name>commentResponse</name>
			<objecttype>com.woltlab.wcf.articleComment.response.notification</objecttype>
			<classname>wcf\system\user\notification\event\ArticleCommentResponseUserNotificationEvent</classname>
			<preset>1</preset>
			<options>module_article</options>
		</event>
		<event>
			<name>commentResponseOwner</name>
			<objecttype>com.woltlab.wcf.articleComment.response.notification</objecttype>
			<classname>wcf\system\user\notification\event\ArticleCommentResponseOwnerUserNotificationEvent</classname>
			<preset>1</preset>
			<options>module_article</options>
		</event>
		<event>
			<name>article</name>
			<objecttype>com.woltlab.wcf.article.notification</objecttype>
			<classname>wcf\system\user\notification\event\ArticleUserNotificationEvent</classname>
			<preset>1</preset>
			<options>module_article</options>
		</event>
		<event>
			<name>like</name>
			<objecttype>com.woltlab.wcf.likeableArticle.notification</objecttype>
			<classname>wcf\system\user\notification\event\ArticleLikeUserNotificationEvent</classname>
			<preset>1</preset>
			<options>module_like,module_article</options>
		</event>
		<event>
			<name>like</name>
			<objecttype>com.woltlab.wcf.articleComment.like.notification</objecttype>
			<classname>wcf\system\user\notification\event\ArticleCommentLikeUserNotificationEvent</classname>
			<preset>1</preset>
			<options>module_like,module_article</options>
		</event>
		<event>
			<name>like</name>
			<objecttype>com.woltlab.wcf.articleComment.response.like.notification</objecttype>
			<classname>wcf\system\user\notification\event\ArticleCommentResponseLikeUserNotificationEvent</classname>
			<preset>1</preset>
			<options>module_like,module_article</options>
		</event>
		<event>
			<name>needActivation</name>
			<objecttype>com.woltlab.wcf.user.registration.notification</objecttype>
			<classname>wcf\system\user\notification\event\UserNeedActivationUserNotificationEvent</classname>
			<permissions>admin.user.canSearchUser</permissions>
			<preset>0</preset>
		</event>
		<event>
			<name>success</name>
			<objecttype>com.woltlab.wcf.user.registration.notification</objecttype>
			<classname>wcf\system\user\notification\event\UserRegistrationSuccessUserNotificationEvent</classname>
			<permissions>admin.user.canSearchUser</permissions>
			<preset>0</preset>
		</event>
	</import>

	<delete>
		<event>
			<name>commentResponseOwner</name>
			<objecttype>com.woltlab.wcf.page.response.notification</objecttype>
			<classname>wcf\system\user\notification\event\PageCommentResponseOwnerUserNotificationEvent</classname>
			<preset>1</preset>
		</event>
		<event>
			<name>registration</name>
			<objecttype>com.woltlab.wcf.user.registration.notification</objecttype>
			<classname>wcf\system\user\notification\event\UserRegistrationUserNotificationEvent</classname>
			<permissions>admin.user.canSearchUser</permissions>
			<preset>0</preset>
		</event>
	</delete>
</data>
