<?xml version="1.0" encoding="UTF-8"?>
<data xmlns="http://www.woltlab.com" xmlns:xsi="http://www.w3.org/2001/XMLSchema-instance" xsi:schemaLocation="http://www.woltlab.com http://www.woltlab.com/XSD/2019/cronjob.xsd">
	<import>
		<cronjob name="com.example.package.example">
			<classname>wcf\system\cronjob\ExampleCronjob</classname>
			<description>Serves as an example</description>
			<description language="de">Stellt ein Beispiel dar</description>
			<expression>0 2 */2 * *</expression>
			<canbeedited>1</canbeedited>
			<canbedisabled>1</canbedisabled>
		</cronjob>
	</import>
</data>
