<?xml version="1.0" encoding="UTF-8"?>
<data xmlns="http://www.woltlab.com" xmlns:xsi="http://www.w3.org/2001/XMLSchema-instance" xsi:schemaLocation="http://www.woltlab.com http://www.woltlab.com/XSD/2019/page.xsd">
	<import>
		<page identifier="com.woltlab.wcf.MembersList">
			<pageType>system</pageType>
			<controller>wcf\page\MembersListPage</controller>
			<name language="de">Mitglieder</name>
			<name language="en">Members</name>
			<options>module_members_list</options>
			<permissions>user.profile.canViewMembersList</permissions>
			<allowSpidersToIndex>1</allowSpidersToIndex>
			<content language="en">
				<title>Members</title>
			</content>
			<content language="de">
				<title>Mitglieder</title>
			</content>
		</page>
	</import>

	<delete>
		<page identifier="com.woltlab.wcf.MembersList" />
	</delete>
</data>