<?xml version="1.0" encoding="UTF-8"?>
<data xmlns="http://www.woltlab.com" xmlns:xsi="http://www.w3.org/2001/XMLSchema-instance" xsi:schemaLocation="http://www.woltlab.com http://www.woltlab.com/XSD/5.4/objectType.xsd">
	<import>
		<type>
			<name>com.woltlab.wcf.person.personComment</name>
			<definitionname>com.woltlab.wcf.comment.commentableContent</definitionname>
			<classname>wcf\system\comment\manager\PersonCommentManager</classname>
		</type>
		<type>
			<name>com.woltlab.wcf.personList</name>
			<definitionname>com.woltlab.wcf.boxController</definitionname>
			<classname>wcf\system\box\PersonListBoxController</classname>
		</type>
		<type>
			<name>com.woltlab.wcf.people.firstName</name>
			<definitionname>com.woltlab.wcf.box.personList.condition</definitionname>
			<classname>wcf\system\condition\person\PersonFirstNameTextPropertyCondition</classname>
		</type>
		<type>
			<name>com.woltlab.wcf.people.lastName</name>
			<definitionname>com.woltlab.wcf.box.personList.condition</definitionname>
			<classname>wcf\system\condition\person\PersonLastNameTextPropertyCondition</classname>
		</type>
		<type>
			<name>com.woltlab.wcf.people.information</name>
			<definitionname>com.woltlab.wcf.message</definitionname>
		</type>
		<type>
			<name>com.woltlab.wcf.people.person</name>
			<definitionname>com.woltlab.wcf.rebuildData</definitionname>
			<classname>wcf\system\worker\PersonRebuildDataWorker</classname>
		</type>
	</import>
</data>
