<?xml version="1.0" encoding="UTF-8"?>
<data xmlns="http://www.woltlab.com" xmlns:xsi="http://www.w3.org/2001/XMLSchema-instance" xsi:schemaLocation="http://www.woltlab.com http://www.woltlab.com/XSD/5.4/acpMenu.xsd">
	<import>
		<acpmenuitem name="wcf.acp.menu.link.person">
			<parent>wcf.acp.menu.link.content</parent>
		</acpmenuitem>
		<acpmenuitem name="wcf.acp.menu.link.person.list">
			<controller>wcf\acp\page\PersonListPage</controller>
			<parent>wcf.acp.menu.link.person</parent>
			<permissions>admin.content.canManagePeople</permissions>
		</acpmenuitem>
		<acpmenuitem name="wcf.acp.menu.link.person.add">
			<controller>wcf\acp\form\PersonAddForm</controller>
			<parent>wcf.acp.menu.link.person.list</parent>
			<permissions>admin.content.canManagePeople</permissions>
			<icon>plus</icon>
		</acpmenuitem>
	</import>
</data>
