<?xml version="1.0" encoding="UTF-8"?>
<data xmlns="http://www.woltlab.com" xmlns:xsi="http://www.w3.org/2001/XMLSchema-instance" xsi:schemaLocation="http://www.woltlab.com http://www.woltlab.com/XSD/5.4/mediaProvider.xsd">
	<import>
		<provider name="youtube">
			<title>YouTube</title>
			<regex><![CDATA[https?://(?:.+?\.)?youtu(?:\.be/|be\.com/(?:#/)?watch\?(?:.*?&)?v=)(?P<ID>[a-zA-Z0-9_-]+)
https?://(?:.+?\.)?youtube.com/shorts/(?P<ID>[a-zA-Z0-9_-]+)]]></regex>
			<className>wcf\system\bbcode\media\provider\YouTubeBBCodeMediaProvider</className>
		</provider>
		<provider name="youtube-playlist">
			<title>YouTube Playlist</title>
			<regex><![CDATA[https?://(?:.+?\.)?youtu(?:\.be/|be\.com/)playlist\?(?:.*?&)?list=(?P<ID>[a-zA-Z0-9_-]+)]]></regex>
			<html><![CDATA[<div class="messageVideoContainer"><iframe src="https://www.youtube.com/embed/videoseries?list={$ID}" width="560" height="315" allowfullscreen referrerpolicy="strict-origin"></iframe></div>]]></html>
		</provider>
		<provider name="vimeo">
			<title>Vimeo</title>
			<regex><![CDATA[https?://vimeo\.com/(?:channels/[^/]+/)?(?P<ID>\d+)/?(?P<hash>(?(?<=/)[a-zA-Z0-9]+|))
https?://vimeo\.com/groups/[^/]+/videos/(?P<ID>\d+)/?(?P<hash>(?(?<=/)[a-zA-Z0-9]+|))]]></regex>
			<html><![CDATA[<div class="messageVideoContainer"><iframe src="https://player.vimeo.com/video/{$ID}?h={$hash}&amp;dnt=1" width="640" height="360" allowfullscreen referrerpolicy="strict-origin"></iframe></div>]]></html>
		</provider>
		<provider name="dailymotion">
			<title>Dailymotion</title>
			<regex><![CDATA[https?://(?:www\.)?dailymotion\.com/video/(?P<ID>[a-zA-Z0-9_-]+)]]></regex>
			<html><![CDATA[<div class="messageVideoContainer"><iframe src="//www.dailymotion.com/embed/video/{$ID}" width="560" height="315"></iframe></div>]]></html>
		</provider>
		<provider name="github-gist">
			<title>GitHub Gist</title>
			<regex><![CDATA[https://gist.github.com/(?P<ID>[^/]+/[0-9a-zA-Z]+)]]></regex>
			<html><![CDATA[<script src="https://gist.github.com/{$ID}.js"> </script>]]></html>
		</provider>
		<provider name="soundcloud">
			<title>SoundCloud</title>
			<regex><![CDATA[https?://soundcloud.com/(?P<artist>[a-zA-Z0-9_-]+)/(?!sets/)(?P<song>[a-zA-Z0-9_-]+)]]></regex>
			<html><![CDATA[<iframe width="100%" height="166" scrolling="no" src="https://w.soundcloud.com/player/?url=http%3A%2F%2Fsoundcloud.com%2F{$artist}%2F{$song}"></iframe>]]></html>
		</provider>
		<provider name="soundcloud-set">
			<title>Soundcloud Set</title>
			<regex><![CDATA[https?://soundcloud.com/(?P<artist>[a-zA-Z0-9_-]+)/sets/(?P<name>[a-zA-Z0-9_-]+)]]></regex>
			<html><![CDATA[<iframe width="100%" height="450" scrolling="no" src="https://w.soundcloud.com/player/?url=http%3A%2F%2Fsoundcloud.com%2F{$artist}%2Fsets%2F{$name}"></iframe>]]></html>
		</provider>
		<provider name="instagram">
			<title>Instagram</title>
			<regex><![CDATA[https?://(?:www\.)?(?:instagram\.com|instagr\.am)/p/(?<ID>[a-zA-Z0-9_-]+)]]></regex>
			<html><![CDATA[<blockquote class="instagram-media" data-instgrm-permalink="https://www.instagram.com/p/{$ID}/" data-instgrm-version="14"><a href="https://www.instagram.com/p/{$ID}/">https://www.instagram.com/p/{$ID}/</a></blockquote><script async src="//www.instagram.com/embed.js"></script>]]></html>
		</provider>
		<provider name="spotify-playlist">
			<title>Spotify Playlist</title>
			<regex><![CDATA[https?://play.spotify.com/user/(?<USER>[0-9a-zA-Z]+)/playlist/(?<ID>[0-9a-zA-Z]+)
https?://open.spotify.com/user/(?<USER>[0-9a-zA-Z]+)/playlist/(?<ID>[0-9a-zA-Z]+)]]></regex>
			<html><![CDATA[<iframe width="300" height="380" src="https://embed.spotify.com/?uri=spotify:user:{$USER}:playlist:{$ID}" frameborder="0" allowtransparency="true"></iframe>]]></html>
		</provider>
		<provider name="spotify">
			<title>Spotify</title>
			<regex><![CDATA[https?://play.spotify.com/(?<TYPE>[a-zA-Z]+)/(?<ID>[0-9a-zA-Z]+)
https?://open.spotify.com/(?<TYPE>[a-zA-Z]+)/(?<ID>[0-9a-zA-Z]+)]]></regex>
			<html><![CDATA[<iframe width="300" height="380" src="https://embed.spotify.com/?uri=spotify:{$TYPE}:{$ID}" frameborder="0" allowtransparency="true"></iframe>]]></html>
		</provider>
		<provider name="twitch">
			<title>Twitch</title>
			<regex><![CDATA[https?://clips.twitch.tv/(?<CLIP>[a-zA-Z0-9_-]+)
https?://www.twitch.tv/(?<AUTHOR>[a-zA-Z0-9_]+)/clip/(?<CLIP>[a-zA-Z0-9_-]+)
https?://www.twitch.tv/(?!videos)(?!.*/v/)(?<CHANNEL>[a-zA-Z0-9_]+)
https?://www.twitch.tv/videos/(?<VIDEO>[0-9]+)
https?://www.twitch.tv/[a-zA-Z0-9]+/v/(?<VIDEO>[0-9]+)]]></regex>
			<className><![CDATA[wcf\system\bbcode\media\provider\TwitchBBCodeMediaProvider]]></className>
		</provider>
		<provider name="twitter-tweet">
			<title>Twitter Tweet</title>
			<regex><![CDATA[https://twitter.com/(?<USERNAME>[0-9a-zA-Z_]+)/status/(?<ID>[0-9]+)
https://x.com/(?<USERNAME>[0-9a-zA-Z_]+)/status/(?<ID>[0-9]+)]]></regex>
			<html><![CDATA[<div data-wsc-twitter-tweet="{$ID}"><a href="https://twitter.com/{$USERNAME}/status/{$ID}/" class="externalURL" rel="nofollow ugc">https://twitter.com/{$USERNAME}/status/{$ID}/</a></div>
<script>require(["WoltLabSuite/Core/Ui/Message/TwitterEmbed"],function(t){t.embedAll()});</script>]]></html>
		</provider>
		<provider name="facebook-video">
			<title>Facebook Video</title>
			<regex><![CDATA[(?<HREF>https?://(www\.)?facebook\.com/watch/?\?v=(?<ID>[0-9]+))
(?<HREF>https?://(www\.)?facebook\.com/[a-zA-Z0-9_\.-]+/videos/(?<ID>[0-9]+))
(?<HREF>https?://fb\.watch/(?<ID>[a-zA-Z0-9_-]+)/)]]></regex>
			<html><![CDATA[<div class="fb-video" data-href="{$HREF}" data-allowfullscreen="true">{$HREF}</div>
<script>require(['WoltLabSuite/Core/Wrapper/FacebookSdk'],function(FB){FB.XFBML.parse()})</script>]]></html>
		</provider>
	</import>
</data>
