<?xml version="1.0" encoding="UTF-8"?>
<data xmlns="http://www.woltlab.com" xmlns:xsi="http://www.w3.org/2001/XMLSchema-instance" xsi:schemaLocation="http://www.woltlab.com http://www.woltlab.com/XSD/5.4/menu.xsd">
	<import>
		<menu identifier="com.woltlab.wcf.MainMenu">
			<title language="de">Hauptmenü</title>
			<title language="en">Main Menu</title>
			<box>
				<position>mainMenu</position>
				<visibleEverywhere>1</visibleEverywhere>
				<cssClassName>mainMenu</cssClassName>
			</box>
		</menu>
		<menu identifier="com.woltlab.wcf.FooterMenu">
			<title language="de">Footer-Menü</title>
			<title language="en">Footer Menu</title>
			<box>
				<position>footer</position>
				<visibleEverywhere>1</visibleEverywhere>
			</box>
		</menu>
		<menu identifier="com.woltlab.wcf.FooterLinks">
			<title language="de">Footer-Links</title>
			<title language="en">Footer Links</title>
			<box>
				<position>footer</position>
				<visibleEverywhere>1</visibleEverywhere>
				<cssClassName>boxMenuLinkGroup</cssClassName>
			</box>
		</menu>
	</import>
</data>
