<?xml version="1.0" encoding="UTF-8"?>
<data xmlns="http://www.woltlab.com" xmlns:xsi="http://www.w3.org/2001/XMLSchema-instance" xsi:schemaLocation="http://www.woltlab.com http://www.woltlab.com/XSD/5.4/objectType.xsd">
	<import>
		<!-- clipboard items -->
		<type>
			<name>com.woltlab.wcf.user</name>
			<definitionname>com.woltlab.wcf.clipboardItem</definitionname>
			<listclassname>wcf\data\user\UserList</listclassname>
		</type>
		<type>
			<name>com.woltlab.wcf.tag</name>
			<definitionname>com.woltlab.wcf.clipboardItem</definitionname>
			<listclassname>wcf\data\tag\TagList</listclassname>
		</type>
		<type>
			<name>com.woltlab.wcf.media</name>
			<definitionname>com.woltlab.wcf.clipboardItem</definitionname>
			<listclassname>wcf\data\media\ViewableMediaList</listclassname>
		</type>
		<type>
			<name>com.woltlab.wcf.article</name>
			<definitionname>com.woltlab.wcf.clipboardItem</definitionname>
			<listclassname>wcf\data\article\ArticleList</listclassname>
		</type>
		<type>
			<name>com.woltlab.wcf.moderation.queue</name>
			<definitionname>com.woltlab.wcf.clipboardItem</definitionname>
			<listclassname>wcf\data\moderation\queue\ViewableModerationQueueList</listclassname>
		</type>
		<!-- /clipboard items -->
		<!-- articles -->
		<type>
			<name>com.woltlab.wcf.article.category</name>
			<definitionname>com.woltlab.wcf.category</definitionname>
			<classname>wcf\system\category\ArticleCategoryType</classname>
		</type>
		<type>
			<name>com.woltlab.wcf.article.category</name>
			<definitionname>com.woltlab.wcf.acl</definitionname>
		</type>
		<type>
			<name>com.woltlab.wcf.article</name>
			<definitionname>com.woltlab.wcf.tagging.taggableObject</definitionname>
			<classname>wcf\system\tagging\TaggableArticle</classname>
			<options>module_article</options>
		</type>
		<type>
			<name>com.woltlab.wcf.likeableArticle</name>
			<definitionname>com.woltlab.wcf.like.likeableObject</definitionname>
			<classname>wcf\data\article\LikeableArticleProvider</classname>
		</type>
		<type>
			<name>com.woltlab.wcf.likeableArticle.recentActivityEvent</name>
			<definitionname>com.woltlab.wcf.user.recentActivityEvent</definitionname>
			<classname>wcf\system\user\activity\event\LikeableArticleUserActivityEvent</classname>
			<supportsReactions>1</supportsReactions>
		</type>
		<type>
			<name>com.woltlab.wcf.articleComment.recentActivityEvent</name>
			<definitionname>com.woltlab.wcf.user.recentActivityEvent</definitionname>
			<classname>wcf\system\user\activity\event\ArticleCommentUserActivityEvent</classname>
		</type>
		<type>
			<name>com.woltlab.wcf.articleComment.response.recentActivityEvent</name>
			<definitionname>com.woltlab.wcf.user.recentActivityEvent</definitionname>
			<classname>wcf\system\user\activity\event\ArticleCommentResponseUserActivityEvent</classname>
		</type>
		<type>
			<name>com.woltlab.wcf.article</name>
			<definitionname>com.woltlab.wcf.searchableObjectType</definitionname>
			<classname>wcf\system\search\ArticleSearch</classname>
			<searchindex>wcf1_article_search_index</searchindex>
		</type>
		<type>
			<name>com.woltlab.wcf.article.content</name>
			<definitionname>com.woltlab.wcf.message</definitionname>
			<enableToc>1</enableToc>
		</type>
		<type>
			<name>com.woltlab.wcf.article</name>
			<definitionname>com.woltlab.wcf.label.object</definitionname>
			<classname>wcf\system\label\object\ArticleLabelObjectHandler</classname>
		</type>
		<type>
			<name>com.woltlab.wcf.article.category</name>
			<definitionname>com.woltlab.wcf.label.objectType</definitionname>
			<classname>wcf\system\label\object\type\ArticleCategoryLabelObjectTypeHandler</classname>
		</type>
		<type>
			<name>com.woltlab.wcf.article.comment</name>
			<definitionname>com.woltlab.wcf.article.discussionProvider</definitionname>
			<classname>wcf\system\article\discussion\CommentArticleDiscussionProvider</classname>
		</type>
		<type>
			<name>com.woltlab.wcf.articleComment.notification</name>
			<definitionname>com.woltlab.wcf.notification.objectType</definitionname>
			<classname>wcf\system\user\notification\object\type\ArticleCommentUserNotificationObjectType</classname>
			<category>com.woltlab.wcf.page</category>
		</type>
		<type>
			<name>com.woltlab.wcf.articleComment.response.notification</name>
			<definitionname>com.woltlab.wcf.notification.objectType</definitionname>
			<classname>wcf\system\user\notification\object\type\ArticleCommentResponseUserNotificationObjectType</classname>
			<category>com.woltlab.wcf.page</category>
		</type>
		<type>
			<name>com.woltlab.wcf.article</name>
			<definitionname>com.woltlab.wcf.moderation.report</definitionname>
			<classname>wcf\system\moderation\queue\report\ArticleModerationQueueReportHandler</classname>
		</type>
		<type>
			<name>com.woltlab.wcf.article.category</name>
			<definitionname>com.woltlab.wcf.user.objectWatch</definitionname>
			<classname>wcf\system\user\object\watch\ArticleCategoryUserObjectWatch</classname>
		</type>
		<type>
			<name>com.woltlab.wcf.article.notification</name>
			<definitionname>com.woltlab.wcf.notification.objectType</definitionname>
			<classname>wcf\system\user\notification\object\type\ArticleUserNotificationObjectType</classname>
			<category>com.woltlab.wcf.page</category>
		</type>
		<type>
			<name>com.woltlab.wcf.likeableArticle.notification</name>
			<definitionname>com.woltlab.wcf.notification.objectType</definitionname>
			<classname>wcf\system\user\notification\object\type\LikeUserNotificationObjectType</classname>
			<category>com.woltlab.wcf.page</category>
		</type>
		<type>
			<name>com.woltlab.wcf.articleComment.like.notification</name>
			<definitionname>com.woltlab.wcf.notification.objectType</definitionname>
			<classname>wcf\system\user\notification\object\type\LikeUserNotificationObjectType</classname>
			<category>com.woltlab.wcf.page</category>
			<supportsReactions>1</supportsReactions>
		</type>
		<type>
			<name>com.woltlab.wcf.articleComment.response.like.notification</name>
			<definitionname>com.woltlab.wcf.notification.objectType</definitionname>
			<classname>wcf\system\user\notification\object\type\LikeUserNotificationObjectType</classname>
			<category>com.woltlab.wcf.page</category>
			<supportsReactions>1</supportsReactions>
		</type>
		<type>
			<name>com.woltlab.wcf.article.recentActivityEvent</name>
			<definitionname>com.woltlab.wcf.user.recentActivityEvent</definitionname>
			<classname>wcf\system\user\activity\event\ArticleUserActivityEvent</classname>
		</type>
		<!-- /articles -->
		<type>
			<name>com.woltlab.wcf.page.content</name>
			<definitionname>com.woltlab.wcf.message</definitionname>
		</type>
		<type>
			<name>com.woltlab.wcf.box.content</name>
			<definitionname>com.woltlab.wcf.message</definitionname>
		</type>
		<type>
			<name>com.woltlab.wcf.user.aboutMe</name>
			<definitionname>com.woltlab.wcf.message</definitionname>
		</type>
		<type>
			<name>com.woltlab.wcf.user.signature</name>
			<definitionname>com.woltlab.wcf.message</definitionname>
			<disallowedBBCodesPermission>user.signature.disallowedBBCodes</disallowedBBCodesPermission>
		</type>
		<type>
			<name>com.woltlab.wcf.user.signature</name>
			<definitionname>com.woltlab.wcf.attachment.objectType</definitionname>
			<classname>wcf\system\attachment\SignatureAttachmentObjectType</classname>
		</type>
		<type>
			<name>com.woltlab.wcf.comment</name>
			<definitionname>com.woltlab.wcf.message</definitionname>
			<disallowedBBCodesPermission>user.comment.disallowedBBCodes</disallowedBBCodesPermission>
		</type>
		<type>
			<name>com.woltlab.wcf.comment.response</name>
			<definitionname>com.woltlab.wcf.message</definitionname>
			<disallowedBBCodesPermission>user.comment.disallowedBBCodes</disallowedBBCodesPermission>
		</type>
		<type>
			<name>com.woltlab.wcf.paidSubscription</name>
			<definitionname>com.woltlab.wcf.message</definitionname>
		</type>
		<type>
			<name>com.woltlab.wcf.user.option.generic</name>
			<definitionname>com.woltlab.wcf.message</definitionname>
		</type>
		<type>
			<name>com.woltlab.wcf.page</name>
			<definitionname>com.woltlab.wcf.searchableObjectType</definitionname>
			<classname>wcf\system\search\PageSearch</classname>
			<searchindex>wcf1_page_search_index</searchindex>
		</type>
		<type>
			<name>com.woltlab.wcf.bbcode.smiley</name>
			<definitionname>com.woltlab.wcf.category</definitionname>
			<classname>wcf\system\category\SmileyCategoryType</classname>
		</type>
		<type>
			<name>com.woltlab.wcf.user.follow</name>
			<definitionname>com.woltlab.wcf.notification.objectType</definitionname>
			<classname>wcf\system\user\notification\object\type\UserFollowUserNotificationObjectType</classname>
			<category>com.woltlab.wcf.user</category>
		</type>
		<type>
			<name>com.woltlab.wcf.user.registration.notification</name>
			<definitionname>com.woltlab.wcf.notification.objectType</definitionname>
			<classname>wcf\system\user\notification\object\type\UserRegistrationUserNotificationObjectType</classname>
			<category>com.woltlab.wcf.administration</category>
		</type>
		<type>
			<name>com.woltlab.wcf.user.recentActivityEvent.follow</name>
			<definitionname>com.woltlab.wcf.user.recentActivityEvent</definitionname>
			<classname>wcf\system\user\activity\event\FollowUserActivityEvent</classname>
		</type>
		<type>
			<name>com.woltlab.wcf.user</name>
			<definitionname>com.woltlab.wcf.moderation.report</definitionname>
			<classname>wcf\system\moderation\queue\report\UserModerationQueueReportHandler</classname>
		</type>
		<type>
			<name>com.woltlab.wcf.contact</name>
			<definitionname>com.woltlab.wcf.attachment.objectType</definitionname>
			<classname>wcf\system\attachment\ContactAttachmentObjectType</classname>
		</type>
		<!-- page -->
		<type>
			<name>com.woltlab.wcf.page.recentActivityEvent</name>
			<definitionname>com.woltlab.wcf.user.recentActivityEvent</definitionname>
			<classname>wcf\system\user\activity\event\PageCommentUserActivityEvent</classname>
		</type>
		<type>
			<name>com.woltlab.wcf.page.response.recentActivityEvent</name>
			<definitionname>com.woltlab.wcf.user.recentActivityEvent</definitionname>
			<classname>wcf\system\user\activity\event\PageCommentResponseUserActivityEvent</classname>
		</type>
		<type>
			<name>com.woltlab.wcf.page.notification</name>
			<definitionname>com.woltlab.wcf.notification.objectType</definitionname>
			<classname>wcf\system\user\notification\object\type\PageCommentUserNotificationObjectType</classname>
			<category>com.woltlab.wcf.page</category>
		</type>
		<type>
			<name>com.woltlab.wcf.page.response.notification</name>
			<definitionname>com.woltlab.wcf.notification.objectType</definitionname>
			<classname>wcf\system\user\notification\object\type\PageCommentResponseUserNotificationObjectType</classname>
			<category>com.woltlab.wcf.page</category>
		</type>
		<!-- /page -->
		<!-- moderation type -->
		<type>
			<name>com.woltlab.wcf.moderation.activation</name>
			<definitionname>com.woltlab.wcf.moderation.type</definitionname>
			<classname>wcf\system\moderation\queue\ModerationQueueActivationManager</classname>
		</type>
		<type>
			<name>com.woltlab.wcf.moderation.report</name>
			<definitionname>com.woltlab.wcf.moderation.type</definitionname>
			<classname>wcf\system\moderation\queue\ModerationQueueReportManager</classname>
		</type>
		<!-- /moderation type -->
		<!-- version tracker -->
		<type>
			<name>com.woltlab.wcf.article</name>
			<definitionname>com.woltlab.wcf.versionTracker.objectType</definitionname>
			<classname>wcf\system\version\ArticleVersionTrackerProvider</classname>
			<tableName>wcf1_article</tableName>
			<tablePrimaryKey>articleID</tablePrimaryKey>
		</type>
		<type>
			<name>com.woltlab.wcf.box</name>
			<definitionname>com.woltlab.wcf.versionTracker.objectType</definitionname>
			<classname>wcf\system\version\BoxVersionTrackerProvider</classname>
			<tableName>wcf1_box</tableName>
			<tablePrimaryKey>boxID</tablePrimaryKey>
		</type>
		<type>
			<name>com.woltlab.wcf.page</name>
			<definitionname>com.woltlab.wcf.versionTracker.objectType</definitionname>
			<classname>wcf\system\version\PageVersionTrackerProvider</classname>
			<tableName>wcf1_page</tableName>
			<tablePrimaryKey>pageID</tablePrimaryKey>
		</type>
		<!-- /version tracker -->
		<!-- Visit Tracker -->
		<type>
			<name>com.woltlab.wcf.moderation.queue</name>
			<definitionname>com.woltlab.wcf.visitTracker.objectType</definitionname>
		</type>
		<type>
			<name>com.woltlab.wcf.article</name>
			<definitionname>com.woltlab.wcf.visitTracker.objectType</definitionname>
		</type>
		<!-- /Visit Tracker -->
		<!-- activity points -->
		<type>
			<name>com.woltlab.wcf.like.activityPointEvent.receivedLikes</name>
			<definitionname>com.woltlab.wcf.user.activityPointEvent</definitionname>
			<points>1</points>
		</type>
		<!-- /activity points -->
		<!-- comments -->
		<type>
			<name>com.woltlab.wcf.user.profileComment</name>
			<definitionname>com.woltlab.wcf.comment.commentableContent</definitionname>
			<classname>wcf\system\comment\manager\UserProfileCommentManager</classname>
		</type>
		<type>
			<name>com.woltlab.wcf.comment</name>
			<definitionname>com.woltlab.wcf.like.likeableObject</definitionname>
			<classname>wcf\data\comment\LikeableCommentProvider</classname>
		</type>
		<type>
			<name>com.woltlab.wcf.comment.response</name>
			<definitionname>com.woltlab.wcf.like.likeableObject</definitionname>
			<classname>wcf\data\comment\response\LikeableCommentResponseProvider</classname>
		</type>
		<type>
			<name>com.woltlab.wcf.user.profileComment.recentActivityEvent</name>
			<definitionname>com.woltlab.wcf.user.recentActivityEvent</definitionname>
			<classname>wcf\system\user\activity\event\ProfileCommentUserActivityEvent</classname>
		</type>
		<type>
			<name>com.woltlab.wcf.user.profileComment.response.recentActivityEvent</name>
			<definitionname>com.woltlab.wcf.user.recentActivityEvent</definitionname>
			<classname>wcf\system\user\activity\event\ProfileCommentResponseUserActivityEvent</classname>
		</type>
		<type>
			<name>com.woltlab.wcf.user.profileComment.notification</name>
			<definitionname>com.woltlab.wcf.notification.objectType</definitionname>
			<classname>wcf\system\user\notification\object\type\UserProfileCommentUserNotificationObjectType</classname>
			<category>com.woltlab.wcf.user</category>
		</type>
		<type>
			<name>com.woltlab.wcf.user.profileComment.response.notification</name>
			<definitionname>com.woltlab.wcf.notification.objectType</definitionname>
			<classname>wcf\system\user\notification\object\type\UserProfileCommentResponseUserNotificationObjectType</classname>
			<category>com.woltlab.wcf.user</category>
		</type>
		<type>
			<name>com.woltlab.wcf.user.profileComment.like.notification</name>
			<definitionname>com.woltlab.wcf.notification.objectType</definitionname>
			<classname>wcf\system\user\notification\object\type\LikeUserNotificationObjectType</classname>
			<category>com.woltlab.wcf.user</category>
			<supportsReactions>1</supportsReactions>
		</type>
		<type>
			<name>com.woltlab.wcf.user.profileComment.response.like.notification</name>
			<definitionname>com.woltlab.wcf.notification.objectType</definitionname>
			<classname>wcf\system\user\notification\object\type\LikeUserNotificationObjectType</classname>
			<category>com.woltlab.wcf.user</category>
			<supportsReactions>1</supportsReactions>
		</type>
		<type>
			<name>com.woltlab.wcf.moderation.queue</name>
			<definitionname>com.woltlab.wcf.comment.commentableContent</definitionname>
			<classname>wcf\system\comment\manager\ModerationQueueCommentManager</classname>
		</type>
		<type>
			<name>com.woltlab.wcf.moderation.queue.notification</name>
			<definitionname>com.woltlab.wcf.notification.objectType</definitionname>
			<classname>wcf\system\user\notification\object\type\ModerationQueueCommentUserNotificationObjectType</classname>
			<category>com.woltlab.wcf.moderation</category>
		</type>
		<type>
			<name>com.woltlab.wcf.moderation.queue.response.notification</name>
			<definitionname>com.woltlab.wcf.notification.objectType</definitionname>
			<classname>wcf\system\user\notification\object\type\ModerationQueueCommentResponseUserNotificationObjectType</classname>
			<category>com.woltlab.wcf.moderation</category>
		</type>
		<type>
			<name>com.woltlab.wcf.page</name>
			<definitionname>com.woltlab.wcf.comment.commentableContent</definitionname>
			<classname>wcf\system\comment\manager\PageCommentManager</classname>
		</type>
		<type>
			<name>com.woltlab.wcf.articleComment</name>
			<definitionname>com.woltlab.wcf.comment.commentableContent</definitionname>
			<classname>wcf\system\comment\manager\ArticleCommentManager</classname>
		</type>
		<!-- /comments -->
		<!-- moderation -->
		<type>
			<name>com.woltlab.wcf.comment.comment</name>
			<definitionname>com.woltlab.wcf.moderation.activation</definitionname>
			<classname>wcf\system\moderation\queue\activation\CommentCommentModerationQueueActivationHandler</classname>
		</type>
		<type>
			<name>com.woltlab.wcf.comment.comment</name>
			<definitionname>com.woltlab.wcf.moderation.report</definitionname>
			<classname>wcf\system\moderation\queue\report\CommentCommentModerationQueueReportHandler</classname>
		</type>
		<type>
			<name>com.woltlab.wcf.comment.response</name>
			<definitionname>com.woltlab.wcf.moderation.activation</definitionname>
			<classname>wcf\system\moderation\queue\activation\CommentResponseModerationQueueActivationHandler</classname>
		</type>
		<type>
			<name>com.woltlab.wcf.comment.response</name>
			<definitionname>com.woltlab.wcf.moderation.report</definitionname>
			<classname>wcf\system\moderation\queue\report\CommentResponseModerationQueueReportHandler</classname>
		</type>
		<!-- /moderation -->
		<type>
			<name>com.woltlab.wcf.label</name>
			<definitionname>com.woltlab.wcf.acl</definitionname>
		</type>
		<!-- importers -->
		<type>
			<name>com.woltlab.wcf.user</name>
			<definitionname>com.woltlab.wcf.importer</definitionname>
			<classname>wcf\system\importer\UserImporter</classname>
		</type>
		<type>
			<name>com.woltlab.wcf.user.group</name>
			<definitionname>com.woltlab.wcf.importer</definitionname>
			<classname>wcf\system\importer\UserGroupImporter</classname>
		</type>
		<type>
			<name>com.woltlab.wcf.user.option</name>
			<definitionname>com.woltlab.wcf.importer</definitionname>
			<classname>wcf\system\importer\UserOptionImporter</classname>
		</type>
		<type>
			<name>com.woltlab.wcf.user.avatar</name>
			<definitionname>com.woltlab.wcf.importer</definitionname>
			<classname>wcf\system\importer\UserAvatarImporter</classname>
		</type>
		<type>
			<name>com.woltlab.wcf.user.comment</name>
			<definitionname>com.woltlab.wcf.importer</definitionname>
			<classname>wcf\system\importer\UserCommentImporter</classname>
		</type>
		<type>
			<name>com.woltlab.wcf.user.comment.response</name>
			<definitionname>com.woltlab.wcf.importer</definitionname>
			<classname>wcf\system\importer\UserCommentResponseImporter</classname>
		</type>
		<type>
			<name>com.woltlab.wcf.user.follower</name>
			<definitionname>com.woltlab.wcf.importer</definitionname>
			<classname>wcf\system\importer\UserFollowerImporter</classname>
		</type>
		<type>
			<name>com.woltlab.wcf.user.rank</name>
			<definitionname>com.woltlab.wcf.importer</definitionname>
			<classname>wcf\system\importer\UserRankImporter</classname>
		</type>
		<type>
			<name>com.woltlab.wcf.label.group</name>
			<definitionname>com.woltlab.wcf.importer</definitionname>
			<classname>wcf\system\importer\LabelGroupImporter</classname>
		</type>
		<type>
			<name>com.woltlab.wcf.label</name>
			<definitionname>com.woltlab.wcf.importer</definitionname>
			<classname>wcf\system\importer\LabelImporter</classname>
		</type>
		<type>
			<name>com.woltlab.wcf.smiley</name>
			<definitionname>com.woltlab.wcf.importer</definitionname>
			<classname>wcf\system\importer\SmileyImporter</classname>
		</type>
		<type>
			<name>com.woltlab.wcf.smiley.category</name>
			<definitionname>com.woltlab.wcf.importer</definitionname>
			<classname>wcf\system\importer\SmileyCategoryImporter</classname>
		</type>
		<type>
			<name>com.woltlab.wcf.article.category</name>
			<definitionname>com.woltlab.wcf.importer</definitionname>
			<classname>wcf\system\importer\ArticleCategoryImporter</classname>
		</type>
		<type>
			<name>com.woltlab.wcf.article</name>
			<definitionname>com.woltlab.wcf.importer</definitionname>
			<classname>wcf\system\importer\ArticleImporter</classname>
		</type>
		<type>
			<name>com.woltlab.wcf.media.category</name>
			<definitionname>com.woltlab.wcf.importer</definitionname>
			<classname>wcf\system\importer\MediaCategoryImporter</classname>
		</type>
		<type>
			<name>com.woltlab.wcf.media</name>
			<definitionname>com.woltlab.wcf.importer</definitionname>
			<classname>wcf\system\importer\MediaImporter</classname>
		</type>
		<type>
			<name>com.woltlab.wcf.page</name>
			<definitionname>com.woltlab.wcf.importer</definitionname>
			<classname>wcf\system\importer\PageImporter</classname>
		</type>
		<type>
			<name>com.woltlab.wcf.article.comment</name>
			<definitionname>com.woltlab.wcf.importer</definitionname>
			<classname>wcf\system\importer\ArticleCommentImporter</classname>
		</type>
		<type>
			<name>com.woltlab.wcf.article.comment.response</name>
			<definitionname>com.woltlab.wcf.importer</definitionname>
			<classname>wcf\system\importer\ArticleCommentResponseImporter</classname>
		</type>
		<type>
			<name>com.woltlab.wcf.trophy.category</name>
			<definitionname>com.woltlab.wcf.importer</definitionname>
			<classname>wcf\system\importer\TrophyCategoryImporter</classname>
		</type>
		<type>
			<name>com.woltlab.wcf.trophy</name>
			<definitionname>com.woltlab.wcf.importer</definitionname>
			<classname>wcf\system\importer\TrophyImporter</classname>
		</type>
		<type>
			<name>com.woltlab.wcf.userTrophy</name>
			<definitionname>com.woltlab.wcf.importer</definitionname>
			<classname>wcf\system\importer\UserTrophyImporter</classname>
		</type>
		<type>
			<name>com.woltlab.wcf.reactionType</name>
			<definitionname>com.woltlab.wcf.importer</definitionname>
			<classname>wcf\system\importer\ReactionTypeImporter</classname>
		</type>
		<!-- /importers -->
		<!-- rebuild data workers -->
		<type>
			<name>com.woltlab.wcf.like</name>
			<definitionname>com.woltlab.wcf.rebuildData</definitionname>
			<classname>wcf\system\worker\LikeRebuildDataWorker</classname>
			<nicevalue>-100</nicevalue>
		</type>
		<type>
			<name>com.woltlab.wcf.article</name>
			<definitionname>com.woltlab.wcf.rebuildData</definitionname>
			<classname>wcf\system\worker\ArticleRebuildDataWorker</classname>
			<nicevalue>50</nicevalue>
		</type>
		<type>
			<name>com.woltlab.wcf.page</name>
			<definitionname>com.woltlab.wcf.rebuildData</definitionname>
			<classname>wcf\system\worker\PageRebuildDataWorker</classname>
			<nicevalue>50</nicevalue>
		</type>
		<type>
			<name>com.woltlab.wcf.poll</name>
			<definitionname>com.woltlab.wcf.rebuildData</definitionname>
			<classname>wcf\system\worker\PollRebuildDataWorker</classname>
			<nicevalue>60</nicevalue>
		</type>
		<type>
			<name>com.woltlab.wcf.activityPointEvent</name>
			<definitionname>com.woltlab.wcf.rebuildData</definitionname>
			<classname>wcf\system\worker\UserActivityPointUpdateEventsWorker</classname>
			<nicevalue>65</nicevalue>
		</type>
		<type>
			<name>com.woltlab.wcf.user</name>
			<definitionname>com.woltlab.wcf.rebuildData</definitionname>
			<classname>wcf\system\worker\UserRebuildDataWorker</classname>
			<nicevalue>70</nicevalue>
		</type>
		<type>
			<name>com.woltlab.wcf.activityPointItems</name>
			<definitionname>com.woltlab.wcf.rebuildData</definitionname>
			<classname>wcf\system\worker\UserActivityPointItemsRebuildDataWorker</classname>
			<nicevalue>75</nicevalue>
		</type>
		<type>
			<name>com.woltlab.wcf.attachment</name>
			<definitionname>com.woltlab.wcf.rebuildData</definitionname>
			<classname>wcf\system\worker\AttachmentRebuildDataWorker</classname>
			<nicevalue>100</nicevalue>
		</type>
		<type>
			<name>com.woltlab.wcf.media</name>
			<definitionname>com.woltlab.wcf.rebuildData</definitionname>
			<classname>wcf\system\worker\MediaRebuildDataWorker</classname>
			<nicevalue>105</nicevalue>
		</type>
		<type>
			<name>com.woltlab.wcf.statDaily</name>
			<definitionname>com.woltlab.wcf.rebuildData</definitionname>
			<classname>wcf\system\worker\StatDailyRebuildDataWorker</classname>
			<nicevalue>110</nicevalue>
		</type>
		<type>
			<name>com.woltlab.wcf.comment</name>
			<definitionname>com.woltlab.wcf.rebuildData</definitionname>
			<classname>wcf\system\worker\CommentRebuildDataWorker</classname>
			<nicevalue>120</nicevalue>
		</type>
		<type>
			<name>com.woltlab.wcf.comment.response</name>
			<definitionname>com.woltlab.wcf.rebuildData</definitionname>
			<classname>wcf\system\worker\CommentResponseRebuildDataWorker</classname>
			<nicevalue>120</nicevalue>
		</type>
		<type>
			<name>com.woltlab.wcf.sitemap</name>
			<definitionname>com.woltlab.wcf.rebuildData</definitionname>
			<classname>wcf\system\worker\SitemapRebuildWorker</classname>
			<nicevalue>130</nicevalue>
		</type>
		<!-- /rebuild data workers -->
		<!-- stat handlers -->
		<type>
			<name>com.woltlab.wcf.user</name>
			<definitionname>com.woltlab.wcf.statDailyHandler</definitionname>
			<classname>wcf\system\stat\UserStatDailyHandler</classname>
			<categoryname>com.woltlab.wcf.general</categoryname>
			<default>1</default>
		</type>
		<type>
			<name>com.woltlab.wcf.attachment</name>
			<definitionname>com.woltlab.wcf.statDailyHandler</definitionname>
			<classname>wcf\system\stat\AttachmentStatDailyHandler</classname>
			<categoryname>com.woltlab.wcf.general</categoryname>
		</type>
		<type>
			<name>com.woltlab.wcf.attachment.diskUsage</name>
			<definitionname>com.woltlab.wcf.statDailyHandler</definitionname>
			<classname>wcf\system\stat\AttachmentDiskUsageStatDailyHandler</classname>
			<categoryname>com.woltlab.wcf.general</categoryname>
		</type>
		<type>
			<name>com.woltlab.wcf.like</name>
			<definitionname>com.woltlab.wcf.statDailyHandler</definitionname>
			<classname>wcf\system\stat\LikeStatDailyHandler</classname>
			<categoryname>com.woltlab.wcf.user</categoryname>
		</type>
		<type>
			<name>com.woltlab.wcf.userProfileComment</name>
			<definitionname>com.woltlab.wcf.statDailyHandler</definitionname>
			<classname>wcf\system\stat\UserProfileCommentStatDailyHandler</classname>
			<categoryname>com.woltlab.wcf.user</categoryname>
		</type>
		<!-- /stat handlers -->
		<!-- user group assignment conditions -->
		<type>
			<name>com.woltlab.wcf.username</name>
			<definitionname>com.woltlab.wcf.condition.userGroupAssignment</definitionname>
			<classname>wcf\system\condition\UserUsernameCondition</classname>
			<conditiongroup>general</conditiongroup>
		</type>
		<type>
			<name>com.woltlab.wcf.email</name>
			<definitionname>com.woltlab.wcf.condition.userGroupAssignment</definitionname>
			<classname>wcf\system\condition\UserEmailCondition</classname>
			<conditiongroup>general</conditiongroup>
		</type>
		<type>
			<name>com.woltlab.wcf.userGroup</name>
			<definitionname>com.woltlab.wcf.condition.userGroupAssignment</definitionname>
			<classname>wcf\system\condition\UserGroupCondition</classname>
			<conditiongroup>general</conditiongroup>
		</type>
		<type>
			<name>com.woltlab.wcf.languages</name>
			<definitionname>com.woltlab.wcf.condition.userGroupAssignment</definitionname>
			<classname>wcf\system\condition\UserLanguageCondition</classname>
			<conditiongroup>general</conditiongroup>
		</type>
		<type>
			<name>com.woltlab.wcf.registrationDate</name>
			<definitionname>com.woltlab.wcf.condition.userGroupAssignment</definitionname>
			<classname>wcf\system\condition\UserRegistrationDateCondition</classname>
			<conditiongroup>general</conditiongroup>
		</type>
		<type>
			<name>com.woltlab.wcf.registrationDateInterval</name>
			<definitionname>com.woltlab.wcf.condition.userGroupAssignment</definitionname>
			<classname>wcf\system\condition\UserRegistrationDateIntervalCondition</classname>
			<conditiongroup>general</conditiongroup>
		</type>
		<type>
			<name>com.woltlab.wcf.avatar</name>
			<definitionname>com.woltlab.wcf.condition.userGroupAssignment</definitionname>
			<classname>wcf\system\condition\UserAvatarCondition</classname>
			<conditiongroup>general</conditiongroup>
		</type>
		<type>
			<name>com.woltlab.wcf.signature</name>
			<definitionname>com.woltlab.wcf.condition.userGroupAssignment</definitionname>
			<classname>wcf\system\condition\UserSignatureCondition</classname>
			<conditiongroup>general</conditiongroup>
		</type>
		<type>
			<name>com.woltlab.wcf.coverPhoto</name>
			<definitionname>com.woltlab.wcf.condition.userGroupAssignment</definitionname>
			<classname>wcf\system\condition\UserCoverPhotoCondition</classname>
			<conditiongroup>general</conditiongroup>
		</type>
		<type>
			<name>com.woltlab.wcf.state</name>
			<definitionname>com.woltlab.wcf.condition.userGroupAssignment</definitionname>
			<classname>wcf\system\condition\UserStateCondition</classname>
			<conditiongroup>general</conditiongroup>
		</type>
		<type>
			<name>com.woltlab.wcf.activityPoints</name>
			<definitionname>com.woltlab.wcf.condition.userGroupAssignment</definitionname>
			<classname>wcf\system\condition\UserIntegerPropertyCondition</classname>
			<conditiongroup>contents</conditiongroup>
			<propertyname>activityPoints</propertyname>
			<minvalue>0</minvalue>
		</type>
		<type>
			<name>com.woltlab.wcf.likesReceived</name>
			<definitionname>com.woltlab.wcf.condition.userGroupAssignment</definitionname>
			<classname>wcf\system\condition\UserIntegerPropertyCondition</classname>
			<conditiongroup>contents</conditiongroup>
			<propertyname>likesReceived</propertyname>
			<minvalue>0</minvalue>
		</type>
		<type>
			<name>com.woltlab.wcf.userOptions</name>
			<definitionname>com.woltlab.wcf.condition.userGroupAssignment</definitionname>
			<classname>wcf\system\condition\UserOptionsCondition</classname>
			<conditiongroup>userOptions</conditiongroup>
		</type>
		<type>
			<name>com.woltlab.wcf.userTrophyCondition</name>
			<definitionname>com.woltlab.wcf.condition.userGroupAssignment</definitionname>
			<classname>wcf\system\condition\UserTrophyCondition</classname>
			<conditiongroup>general</conditiongroup>
		</type>
		<type>
			<name>com.woltlab.wcf.trophyPoints</name>
			<definitionname>com.woltlab.wcf.condition.userGroupAssignment</definitionname>
			<classname>wcf\system\condition\UserIntegerPropertyCondition</classname>
			<conditiongroup>contents</conditiongroup>
			<propertyname>trophyPoints</propertyname>
			<minvalue>0</minvalue>
		</type>
		<!-- /user group assignment conditions -->
		<!-- trophy conditions -->
		<type>
			<name>com.woltlab.wcf.username</name>
			<definitionname>com.woltlab.wcf.condition.trophy</definitionname>
			<classname>wcf\system\condition\UserUsernameCondition</classname>
			<conditiongroup>general</conditiongroup>
		</type>
		<type>
			<name>com.woltlab.wcf.email</name>
			<definitionname>com.woltlab.wcf.condition.trophy</definitionname>
			<classname>wcf\system\condition\UserEmailCondition</classname>
			<conditiongroup>general</conditiongroup>
		</type>
		<type>
			<name>com.woltlab.wcf.userGroup</name>
			<definitionname>com.woltlab.wcf.condition.trophy</definitionname>
			<classname>wcf\system\condition\UserGroupCondition</classname>
			<conditiongroup>general</conditiongroup>
		</type>
		<type>
			<name>com.woltlab.wcf.languages</name>
			<definitionname>com.woltlab.wcf.condition.trophy</definitionname>
			<classname>wcf\system\condition\UserLanguageCondition</classname>
			<conditiongroup>general</conditiongroup>
		</type>
		<type>
			<name>com.woltlab.wcf.registrationDate</name>
			<definitionname>com.woltlab.wcf.condition.trophy</definitionname>
			<classname>wcf\system\condition\UserRegistrationDateCondition</classname>
			<conditiongroup>general</conditiongroup>
		</type>
		<type>
			<name>com.woltlab.wcf.registrationDateInterval</name>
			<definitionname>com.woltlab.wcf.condition.trophy</definitionname>
			<classname>wcf\system\condition\UserRegistrationDateIntervalCondition</classname>
			<conditiongroup>general</conditiongroup>
		</type>
		<type>
			<name>com.woltlab.wcf.avatar</name>
			<definitionname>com.woltlab.wcf.condition.trophy</definitionname>
			<classname>wcf\system\condition\UserAvatarCondition</classname>
			<conditiongroup>general</conditiongroup>
		</type>
		<type>
			<name>com.woltlab.wcf.signature</name>
			<definitionname>com.woltlab.wcf.condition.trophy</definitionname>
			<classname>wcf\system\condition\UserSignatureCondition</classname>
			<conditiongroup>general</conditiongroup>
		</type>
		<type>
			<name>com.woltlab.wcf.coverPhoto</name>
			<definitionname>com.woltlab.wcf.condition.trophy</definitionname>
			<classname>wcf\system\condition\UserCoverPhotoCondition</classname>
			<conditiongroup>general</conditiongroup>
		</type>
		<type>
			<name>com.woltlab.wcf.state</name>
			<definitionname>com.woltlab.wcf.condition.trophy</definitionname>
			<classname>wcf\system\condition\UserStateCondition</classname>
			<conditiongroup>general</conditiongroup>
		</type>
		<type>
			<name>com.woltlab.wcf.activityPoints</name>
			<definitionname>com.woltlab.wcf.condition.trophy</definitionname>
			<classname>wcf\system\condition\UserIntegerPropertyCondition</classname>
			<conditiongroup>contents</conditiongroup>
			<propertyname>activityPoints</propertyname>
			<minvalue>0</minvalue>
		</type>
		<type>
			<name>com.woltlab.wcf.likesReceived</name>
			<definitionname>com.woltlab.wcf.condition.trophy</definitionname>
			<classname>wcf\system\condition\UserIntegerPropertyCondition</classname>
			<conditiongroup>contents</conditiongroup>
			<propertyname>likesReceived</propertyname>
			<minvalue>0</minvalue>
		</type>
		<type>
			<name>com.woltlab.wcf.userOptions</name>
			<definitionname>com.woltlab.wcf.condition.trophy</definitionname>
			<classname>wcf\system\condition\UserOptionsCondition</classname>
			<conditiongroup>userOptions</conditiongroup>
		</type>
		<type>
			<name>com.woltlab.wcf.userTrophyCondition</name>
			<definitionname>com.woltlab.wcf.condition.trophy</definitionname>
			<classname>wcf\system\condition\UserTrophyCondition</classname>
			<conditiongroup>general</conditiongroup>
		</type>
		<type>
			<name>com.woltlab.wcf.trophyPoints</name>
			<definitionname>com.woltlab.wcf.condition.trophy</definitionname>
			<classname>wcf\system\condition\UserIntegerPropertyCondition</classname>
			<conditiongroup>contents</conditiongroup>
			<propertyname>trophyPoints</propertyname>
			<minvalue>0</minvalue>
		</type>
		<!-- /trophy conditions -->
		<!-- notice conditions -->
		<type>
			<name>com.woltlab.wcf.page</name>
			<definitionname>com.woltlab.wcf.condition.notice</definitionname>
			<classname>wcf\system\condition\page\MultiPageCondition</classname>
			<conditionobject>com.woltlab.wcf.page</conditionobject>
		</type>
		<type>
			<name>com.woltlab.wcf.pointInTime.daysOfWeek</name>
			<definitionname>com.woltlab.wcf.condition.notice</definitionname>
			<classname>wcf\system\condition\DaysOfWeekCondition</classname>
			<conditionobject>com.woltlab.wcf.pointInTime</conditionobject>
		</type>
		<type>
			<name>com.woltlab.wcf.pointInTime.time</name>
			<definitionname>com.woltlab.wcf.condition.notice</definitionname>
			<classname>wcf\system\condition\TimeCondition</classname>
			<conditionobject>com.woltlab.wcf.pointInTime</conditionobject>
		</type>
		<type>
			<name>com.woltlab.wcf.user.username</name>
			<definitionname>com.woltlab.wcf.condition.notice</definitionname>
			<classname>wcf\system\condition\UserUsernameCondition</classname>
			<conditionobject>com.woltlab.wcf.user</conditionobject>
			<conditiongroup>general</conditiongroup>
		</type>
		<type>
			<name>com.woltlab.wcf.user.email</name>
			<definitionname>com.woltlab.wcf.condition.notice</definitionname>
			<classname>wcf\system\condition\UserEmailCondition</classname>
			<conditionobject>com.woltlab.wcf.user</conditionobject>
			<conditiongroup>general</conditiongroup>
		</type>
		<type>
			<name>com.woltlab.wcf.user.userGroup</name>
			<definitionname>com.woltlab.wcf.condition.notice</definitionname>
			<classname>wcf\system\condition\UserGroupCondition</classname>
			<conditionobject>com.woltlab.wcf.user</conditionobject>
			<conditiongroup>general</conditiongroup>
			<includeguests>1</includeguests>
		</type>
		<type>
			<name>com.woltlab.wcf.user.languages</name>
			<definitionname>com.woltlab.wcf.condition.notice</definitionname>
			<classname>wcf\system\condition\UserLanguageCondition</classname>
			<conditionobject>com.woltlab.wcf.user</conditionobject>
			<conditiongroup>general</conditiongroup>
		</type>
		<type>
			<name>com.woltlab.wcf.user.registrationDate</name>
			<definitionname>com.woltlab.wcf.condition.notice</definitionname>
			<classname>wcf\system\condition\UserRegistrationDateCondition</classname>
			<conditionobject>com.woltlab.wcf.user</conditionobject>
			<conditiongroup>general</conditiongroup>
		</type>
		<type>
			<name>com.woltlab.wcf.user.registrationDateInterval</name>
			<definitionname>com.woltlab.wcf.condition.notice</definitionname>
			<classname>wcf\system\condition\UserRegistrationDateIntervalCondition</classname>
			<conditionobject>com.woltlab.wcf.user</conditionobject>
			<conditiongroup>general</conditiongroup>
		</type>
		<type>
			<name>com.woltlab.wcf.user.avatar</name>
			<definitionname>com.woltlab.wcf.condition.notice</definitionname>
			<classname>wcf\system\condition\UserAvatarCondition</classname>
			<conditionobject>com.woltlab.wcf.user</conditionobject>
			<conditiongroup>general</conditiongroup>
		</type>
		<type>
			<name>com.woltlab.wcf.user.state</name>
			<definitionname>com.woltlab.wcf.condition.notice</definitionname>
			<classname>wcf\system\condition\UserStateCondition</classname>
			<conditionobject>com.woltlab.wcf.user</conditionobject>
			<conditiongroup>general</conditiongroup>
		</type>
		<type>
			<name>com.woltlab.wcf.user.mobileBrowser</name>
			<definitionname>com.woltlab.wcf.condition.notice</definitionname>
			<classname>wcf\system\condition\UserMobileBrowserCondition</classname>
			<conditionobject>com.woltlab.wcf.user</conditionobject>
			<conditiongroup>general</conditiongroup>
		</type>
		<type>
			<name>com.woltlab.wcf.user.birthday</name>
			<definitionname>com.woltlab.wcf.condition.notice</definitionname>
			<classname>wcf\system\condition\UserBirthdayCondition</classname>
			<conditionobject>com.woltlab.wcf.user</conditionobject>
			<conditiongroup>general</conditiongroup>
		</type>
		<type>
			<name>com.woltlab.wcf.user.activityPoints</name>
			<definitionname>com.woltlab.wcf.condition.notice</definitionname>
			<classname>wcf\system\condition\UserIntegerPropertyCondition</classname>
			<conditionobject>com.woltlab.wcf.user</conditionobject>
			<conditiongroup>contents</conditiongroup>
			<propertyname>activityPoints</propertyname>
			<minvalue>0</minvalue>
		</type>
		<type>
			<name>com.woltlab.wcf.user.likesReceived</name>
			<definitionname>com.woltlab.wcf.condition.notice</definitionname>
			<classname>wcf\system\condition\UserIntegerPropertyCondition</classname>
			<conditionobject>com.woltlab.wcf.user</conditionobject>
			<conditiongroup>contents</conditiongroup>
			<propertyname>likesReceived</propertyname>
			<minvalue>0</minvalue>
		</type>
		<type>
			<name>com.woltlab.wcf.user.userOptions</name>
			<definitionname>com.woltlab.wcf.condition.notice</definitionname>
			<classname>wcf\system\condition\UserOptionsCondition</classname>
			<conditionobject>com.woltlab.wcf.user</conditionobject>
			<conditiongroup>userOptions</conditiongroup>
		</type>
		<type>
			<name>com.woltlab.wcf.userTrophyCondition</name>
			<definitionname>com.woltlab.wcf.condition.notice</definitionname>
			<classname>wcf\system\condition\UserTrophyCondition</classname>
			<conditionobject>com.woltlab.wcf.user</conditionobject>
			<conditiongroup>general</conditiongroup>
		</type>
		<type>
			<name>com.woltlab.wcf.trophyPoints</name>
			<definitionname>com.woltlab.wcf.condition.notice</definitionname>
			<classname>wcf\system\condition\UserIntegerPropertyCondition</classname>
			<conditionobject>com.woltlab.wcf.user</conditionobject>
			<conditiongroup>contents</conditiongroup>
			<propertyname>trophyPoints</propertyname>
			<minvalue>0</minvalue>
		</type>
		<type>
			<name>com.woltlab.wcf.user.multifactor</name>
			<definitionname>com.woltlab.wcf.condition.notice</definitionname>
			<classname>wcf\system\condition\UserMultifactorCondition</classname>
			<conditionobject>com.woltlab.wcf.user</conditionobject>
			<conditiongroup>general</conditiongroup>
		</type>
		<!-- /notice conditions -->
		<!-- ad locations -->
		<type>
			<name>com.woltlab.wcf.logo</name>
			<definitionname>com.woltlab.wcf.adLocation</definitionname>
			<categoryname>com.woltlab.wcf.global</categoryname>
			<cssclassname>wcfAdLocationLogo</cssclassname>
		</type>
		<type>
			<name>com.woltlab.wcf.header.content</name>
			<definitionname>com.woltlab.wcf.adLocation</definitionname>
			<categoryname>com.woltlab.wcf.global</categoryname>
			<cssclassname>wcfAdLocationHeaderContent</cssclassname>
		</type>
		<type>
			<name>com.woltlab.wcf.footer.content</name>
			<definitionname>com.woltlab.wcf.adLocation</definitionname>
			<categoryname>com.woltlab.wcf.global</categoryname>
			<cssclassname>wcfAdLocationFooterContent</cssclassname>
		</type>
		<type>
			<name>com.woltlab.wcf.sidebar.top</name>
			<definitionname>com.woltlab.wcf.adLocation</definitionname>
			<categoryname>com.woltlab.wcf.global</categoryname>
			<cssclassname>wcfAdLocationSidebarTop</cssclassname>
		</type>
		<type>
			<name>com.woltlab.wcf.sidebar.bottom</name>
			<definitionname>com.woltlab.wcf.adLocation</definitionname>
			<categoryname>com.woltlab.wcf.global</categoryname>
			<cssclassname>wcfAdLocationSidebarBottom</cssclassname>
		</type>
		<type>
			<name>com.woltlab.wcf.footer.bottom</name>
			<definitionname>com.woltlab.wcf.adLocation</definitionname>
			<categoryname>com.woltlab.wcf.global</categoryname>
			<cssclassname>wcfAdLocationFooterBottom</cssclassname>
		</type>
		<type>
			<name>com.woltlab.wcf.article.inArticle</name>
			<definitionname>com.woltlab.wcf.adLocation</definitionname>
			<categoryname>com.woltlab.wcf.article</categoryname>
			<cssclassname>wcfAdLocationInArticle</cssclassname>
		</type>
		<type>
			<name>com.woltlab.wcf.article.after1stArticle</name>
			<definitionname>com.woltlab.wcf.adLocation</definitionname>
			<categoryname>com.woltlab.wcf.article</categoryname>
			<cssclassname>wcfAdLocationArticleList wcfAdLocationAfter1stArticle</cssclassname>
		</type>
		<type>
			<name>com.woltlab.wcf.article.afterEvery2ndArticle</name>
			<definitionname>com.woltlab.wcf.adLocation</definitionname>
			<categoryname>com.woltlab.wcf.article</categoryname>
			<cssclassname>wcfAdLocationArticleList wcfAdLocationAfterEvery2ndArticle</cssclassname>
		</type>
		<type>
			<name>com.woltlab.wcf.article.afterEvery3rdArticle</name>
			<definitionname>com.woltlab.wcf.adLocation</definitionname>
			<categoryname>com.woltlab.wcf.article</categoryname>
			<cssclassname>wcfAdLocationArticleList wcfAdLocationAfterEvery3rdArticle</cssclassname>
		</type>
		<type>
			<name>com.woltlab.wcf.article.afterEvery5thArticle</name>
			<definitionname>com.woltlab.wcf.adLocation</definitionname>
			<categoryname>com.woltlab.wcf.article</categoryname>
			<cssclassname>wcfAdLocationArticleList wcfAdLocationAfterEvery5thArticle</cssclassname>
		</type>
		<type>
			<name>com.woltlab.wcf.article.afterEvery10thArticle</name>
			<definitionname>com.woltlab.wcf.adLocation</definitionname>
			<categoryname>com.woltlab.wcf.article</categoryname>
			<cssclassname>wcfAdLocationArticleList wcfAdLocationAfterEvery10thArticle</cssclassname>
		</type>
		<!-- /ad locations -->
		<!-- ad conditions -->
		<type>
			<name>com.woltlab.wcf.page</name>
			<definitionname>com.woltlab.wcf.condition.ad</definitionname>
			<classname>wcf\system\condition\page\MultiPageCondition</classname>
			<conditionobject>com.woltlab.wcf.page</conditionobject>
		</type>
		<type>
			<name>com.woltlab.wcf.pointInTime.daysOfWeek</name>
			<definitionname>com.woltlab.wcf.condition.ad</definitionname>
			<classname>wcf\system\condition\DaysOfWeekCondition</classname>
			<conditionobject>com.woltlab.wcf.pointInTime</conditionobject>
		</type>
		<type>
			<name>com.woltlab.wcf.pointInTime.time</name>
			<definitionname>com.woltlab.wcf.condition.ad</definitionname>
			<classname>wcf\system\condition\TimeCondition</classname>
			<conditionobject>com.woltlab.wcf.pointInTime</conditionobject>
		</type>
		<type>
			<name>com.woltlab.wcf.user.username</name>
			<definitionname>com.woltlab.wcf.condition.ad</definitionname>
			<classname>wcf\system\condition\UserUsernameCondition</classname>
			<conditionobject>com.woltlab.wcf.user</conditionobject>
			<conditiongroup>general</conditiongroup>
		</type>
		<type>
			<name>com.woltlab.wcf.user.email</name>
			<definitionname>com.woltlab.wcf.condition.ad</definitionname>
			<classname>wcf\system\condition\UserEmailCondition</classname>
			<conditionobject>com.woltlab.wcf.user</conditionobject>
			<conditiongroup>general</conditiongroup>
		</type>
		<type>
			<name>com.woltlab.wcf.user.userGroup</name>
			<definitionname>com.woltlab.wcf.condition.ad</definitionname>
			<classname>wcf\system\condition\UserGroupCondition</classname>
			<conditionobject>com.woltlab.wcf.user</conditionobject>
			<conditiongroup>general</conditiongroup>
			<includeguests>1</includeguests>
		</type>
		<type>
			<name>com.woltlab.wcf.user.languages</name>
			<definitionname>com.woltlab.wcf.condition.ad</definitionname>
			<classname>wcf\system\condition\UserLanguageCondition</classname>
			<conditionobject>com.woltlab.wcf.user</conditionobject>
			<conditiongroup>general</conditiongroup>
		</type>
		<type>
			<name>com.woltlab.wcf.user.registrationDate</name>
			<definitionname>com.woltlab.wcf.condition.ad</definitionname>
			<classname>wcf\system\condition\UserRegistrationDateCondition</classname>
			<conditionobject>com.woltlab.wcf.user</conditionobject>
			<conditiongroup>general</conditiongroup>
		</type>
		<type>
			<name>com.woltlab.wcf.user.registrationDateInterval</name>
			<definitionname>com.woltlab.wcf.condition.ad</definitionname>
			<classname>wcf\system\condition\UserRegistrationDateIntervalCondition</classname>
			<conditionobject>com.woltlab.wcf.user</conditionobject>
			<conditiongroup>general</conditiongroup>
		</type>
		<type>
			<name>com.woltlab.wcf.user.avatar</name>
			<definitionname>com.woltlab.wcf.condition.ad</definitionname>
			<classname>wcf\system\condition\UserAvatarCondition</classname>
			<conditionobject>com.woltlab.wcf.user</conditionobject>
			<conditiongroup>general</conditiongroup>
		</type>
		<type>
			<name>com.woltlab.wcf.user.state</name>
			<definitionname>com.woltlab.wcf.condition.ad</definitionname>
			<classname>wcf\system\condition\UserStateCondition</classname>
			<conditionobject>com.woltlab.wcf.user</conditionobject>
			<conditiongroup>general</conditiongroup>
		</type>
		<type>
			<name>com.woltlab.wcf.user.mobileBrowser</name>
			<definitionname>com.woltlab.wcf.condition.ad</definitionname>
			<classname>wcf\system\condition\UserMobileBrowserCondition</classname>
			<conditionobject>com.woltlab.wcf.user</conditionobject>
			<conditiongroup>general</conditiongroup>
		</type>
		<type>
			<name>com.woltlab.wcf.user.activityPoints</name>
			<definitionname>com.woltlab.wcf.condition.ad</definitionname>
			<classname>wcf\system\condition\UserIntegerPropertyCondition</classname>
			<conditionobject>com.woltlab.wcf.user</conditionobject>
			<conditiongroup>contents</conditiongroup>
			<propertyname>activityPoints</propertyname>
			<minvalue>0</minvalue>
		</type>
		<type>
			<name>com.woltlab.wcf.user.likesReceived</name>
			<definitionname>com.woltlab.wcf.condition.ad</definitionname>
			<classname>wcf\system\condition\UserIntegerPropertyCondition</classname>
			<conditionobject>com.woltlab.wcf.user</conditionobject>
			<conditiongroup>contents</conditiongroup>
			<propertyname>likesReceived</propertyname>
			<minvalue>0</minvalue>
		</type>
		<type>
			<name>com.woltlab.wcf.user.userOptions</name>
			<definitionname>com.woltlab.wcf.condition.ad</definitionname>
			<classname>wcf\system\condition\UserOptionsCondition</classname>
			<conditionobject>com.woltlab.wcf.user</conditionobject>
			<conditiongroup>userOptions</conditiongroup>
		</type>
		<type>
			<name>com.woltlab.wcf.userTrophyCondition</name>
			<definitionname>com.woltlab.wcf.condition.ad</definitionname>
			<classname>wcf\system\condition\UserTrophyCondition</classname>
			<conditionobject>com.woltlab.wcf.user</conditionobject>
			<conditiongroup>general</conditiongroup>
		</type>
		<type>
			<name>com.woltlab.wcf.trophyPoints</name>
			<definitionname>com.woltlab.wcf.condition.ad</definitionname>
			<classname>wcf\system\condition\UserIntegerPropertyCondition</classname>
			<conditionobject>com.woltlab.wcf.user</conditionobject>
			<conditiongroup>contents</conditiongroup>
			<propertyname>trophyPoints</propertyname>
			<minvalue>0</minvalue>
		</type>
		<!-- /ad conditions -->
		<!-- captcha types -->
		<type>
			<name>com.woltlab.wcf.recaptcha</name>
			<definitionname>com.woltlab.wcf.captcha</definitionname>
			<classname>wcf\system\captcha\RecaptchaHandler</classname>
		</type>
		<type>
			<name>com.woltlab.wcf.captchaQuestion</name>
			<definitionname>com.woltlab.wcf.captcha</definitionname>
			<classname>wcf\system\captcha\CaptchaQuestionHandler</classname>
		</type>
		<!-- captcha types -->
		<!-- embedded object handlers -->
		<type>
			<name>com.woltlab.wcf.quote</name>
			<definitionname>com.woltlab.wcf.message.embeddedObject</definitionname>
			<classname>wcf\system\message\embedded\object\QuoteMessageEmbeddedObjectHandler</classname>
		</type>
		<type>
			<name>com.woltlab.wcf.attachment</name>
			<definitionname>com.woltlab.wcf.message.embeddedObject</definitionname>
			<classname>wcf\system\message\embedded\object\AttachmentMessageEmbeddedObjectHandler</classname>
		</type>
		<type>
			<name>com.woltlab.wcf.page</name>
			<definitionname>com.woltlab.wcf.message.embeddedObject</definitionname>
			<classname>wcf\system\message\embedded\object\PageMessageEmbeddedObjectHandler</classname>
		</type>
		<type>
			<name>com.woltlab.wcf.media</name>
			<definitionname>com.woltlab.wcf.message.embeddedObject</definitionname>
			<classname>wcf\system\message\embedded\object\MediaMessageEmbeddedObjectHandler</classname>
		</type>
		<type>
			<name>com.woltlab.wcf.user</name>
			<definitionname>com.woltlab.wcf.message.embeddedObject</definitionname>
			<classname>wcf\system\message\embedded\object\UserMessageEmbeddedObjectHandler</classname>
		</type>
		<type>
			<name>com.woltlab.wcf.article</name>
			<definitionname>com.woltlab.wcf.message.embeddedObject</definitionname>
			<classname>wcf\system\message\embedded\object\ArticleMessageEmbeddedObjectHandler</classname>
		</type>
		<type>
			<name>com.woltlab.wcf.unfurlUrl</name>
			<definitionname>com.woltlab.wcf.message.embeddedObject</definitionname>
			<classname>wcf\system\message\embedded\object\UnfurlUrlEmbeddedObjectHandler</classname>
		</type>
		<!-- embedded object handlers -->
		<type>
			<name>com.woltlab.wcf.payment.method.paypal</name>
			<definitionname>com.woltlab.wcf.payment.method</definitionname>
			<classname>wcf\system\payment\method\PaypalPaymentMethod</classname>
		</type>
		<!-- paid subscriptions -->
		<type>
			<name>com.woltlab.wcf.payment.type.paidSubscription</name>
			<definitionname>com.woltlab.wcf.payment.type</definitionname>
			<classname>wcf\system\payment\type\PaidSubscriptionPaymentType</classname>
		</type>
		<type>
			<name>com.woltlab.wcf.paidSubscription.user</name>
			<definitionname>com.woltlab.wcf.notification.objectType</definitionname>
			<classname>wcf\system\user\notification\object\type\PaidSubscriptionUserUserNotificationObjectType</classname>
			<category>com.woltlab.wcf.user</category>
		</type>
		<!-- /paid subscriptions -->
		<!-- bulk processable objects -->
		<type>
			<name>com.woltlab.wcf.bulkProcessing.user</name>
			<definitionname>com.woltlab.wcf.bulkProcessableObject</definitionname>
			<classname>wcf\system\bulk\processing\user\UserBulkProcessableObjectType</classname>
		</type>
		<!-- /bulk processable objects -->
		<!-- user bulk processing actions -->
		<type>
			<name>com.woltlab.wcf.delete</name>
			<definitionname>com.woltlab.wcf.bulkProcessing.user.action</definitionname>
			<classname>wcf\system\bulk\processing\user\DeleteUserBulkProcessingAction</classname>
			<action>delete</action>
			<permissions>admin.user.canDeleteUser</permissions>
		</type>
		<type>
			<name>com.woltlab.wcf.assignToUserGroups</name>
			<definitionname>com.woltlab.wcf.bulkProcessing.user.action</definitionname>
			<classname>wcf\system\bulk\processing\user\AssignToUserGroupsUserBulkProcessingAction</classname>
			<action>assignToUserGroups</action>
			<permissions>admin.user.canEditUser</permissions>
		</type>
		<type>
			<name>com.woltlab.wcf.removeFromUserGroups</name>
			<definitionname>com.woltlab.wcf.bulkProcessing.user.action</definitionname>
			<classname>wcf\system\bulk\processing\user\RemoveFromUserGroupsUserBulkProcessingAction</classname>
			<action>removeFromUserGroups</action>
			<permissions>admin.user.canEditUser</permissions>
		</type>
		<type>
			<name>com.woltlab.wcf.sendMail</name>
			<definitionname>com.woltlab.wcf.bulkProcessing.user.action</definitionname>
			<classname>wcf\system\bulk\processing\user\SendMailUserBulkProcessingAction</classname>
			<action>sendMail</action>
			<permissions>admin.user.canMailUser</permissions>
		</type>
		<type>
			<name>com.woltlab.wcf.exportMailAddress</name>
			<definitionname>com.woltlab.wcf.bulkProcessing.user.action</definitionname>
			<classname>wcf\system\bulk\processing\user\ExportMailAddressUserBulkProcessingAction</classname>
			<action>exportMailAddress</action>
			<permissions>admin.user.canEditMailAddress</permissions>
		</type>
		<!-- /user bulk processing actions -->
		<!-- user bulk processing conditions -->
		<type>
			<name>com.woltlab.wcf.username</name>
			<definitionname>com.woltlab.wcf.bulkProcessing.user.condition</definitionname>
			<classname>wcf\system\condition\UserUsernameCondition</classname>
			<conditiongroup>general</conditiongroup>
		</type>
		<type>
			<name>com.woltlab.wcf.email</name>
			<definitionname>com.woltlab.wcf.bulkProcessing.user.condition</definitionname>
			<classname>wcf\system\condition\UserEmailCondition</classname>
			<conditiongroup>general</conditiongroup>
		</type>
		<type>
			<name>com.woltlab.wcf.userGroup</name>
			<definitionname>com.woltlab.wcf.bulkProcessing.user.condition</definitionname>
			<classname>wcf\system\condition\UserGroupCondition</classname>
			<conditiongroup>general</conditiongroup>
		</type>
		<type>
			<name>com.woltlab.wcf.languages</name>
			<definitionname>com.woltlab.wcf.bulkProcessing.user.condition</definitionname>
			<classname>wcf\system\condition\UserLanguageCondition</classname>
			<conditiongroup>general</conditiongroup>
		</type>
		<type>
			<name>com.woltlab.wcf.registrationDate</name>
			<definitionname>com.woltlab.wcf.bulkProcessing.user.condition</definitionname>
			<classname>wcf\system\condition\UserRegistrationDateCondition</classname>
			<conditiongroup>general</conditiongroup>
		</type>
		<type>
			<name>com.woltlab.wcf.registrationDateInterval</name>
			<definitionname>com.woltlab.wcf.bulkProcessing.user.condition</definitionname>
			<classname>wcf\system\condition\UserRegistrationDateIntervalCondition</classname>
			<conditiongroup>general</conditiongroup>
		</type>
		<type>
			<name>com.woltlab.wcf.lastActivityTime</name>
			<definitionname>com.woltlab.wcf.bulkProcessing.user.condition</definitionname>
			<classname>wcf\system\condition\UserTimestampPropertyCondition</classname>
			<conditiongroup>general</conditiongroup>
			<propertyname>lastActivityTime</propertyname>
		</type>
		<type>
			<name>com.woltlab.wcf.avatar</name>
			<definitionname>com.woltlab.wcf.bulkProcessing.user.condition</definitionname>
			<classname>wcf\system\condition\UserAvatarCondition</classname>
			<conditiongroup>general</conditiongroup>
		</type>
		<type>
			<name>com.woltlab.wcf.signature</name>
			<definitionname>com.woltlab.wcf.bulkProcessing.user.condition</definitionname>
			<classname>wcf\system\condition\UserSignatureCondition</classname>
			<conditiongroup>general</conditiongroup>
		</type>
		<type>
			<name>com.woltlab.wcf.coverPhoto</name>
			<definitionname>com.woltlab.wcf.bulkProcessing.user.condition</definitionname>
			<classname>wcf\system\condition\UserCoverPhotoCondition</classname>
			<conditiongroup>general</conditiongroup>
		</type>
		<type>
			<name>com.woltlab.wcf.state</name>
			<definitionname>com.woltlab.wcf.bulkProcessing.user.condition</definitionname>
			<classname>wcf\system\condition\UserStateCondition</classname>
			<conditiongroup>general</conditiongroup>
		</type>
		<type>
			<name>com.woltlab.wcf.activityPoints</name>
			<definitionname>com.woltlab.wcf.bulkProcessing.user.condition</definitionname>
			<classname>wcf\system\condition\UserIntegerPropertyCondition</classname>
			<conditiongroup>contents</conditiongroup>
			<propertyname>activityPoints</propertyname>
			<minvalue>0</minvalue>
		</type>
		<type>
			<name>com.woltlab.wcf.likesReceived</name>
			<definitionname>com.woltlab.wcf.bulkProcessing.user.condition</definitionname>
			<classname>wcf\system\condition\UserIntegerPropertyCondition</classname>
			<conditiongroup>contents</conditiongroup>
			<propertyname>likesReceived</propertyname>
			<minvalue>0</minvalue>
		</type>
		<type>
			<name>com.woltlab.wcf.userOptions</name>
			<definitionname>com.woltlab.wcf.bulkProcessing.user.condition</definitionname>
			<classname>wcf\system\condition\UserOptionsCondition</classname>
			<conditiongroup>userOptions</conditiongroup>
		</type>
		<type>
			<name>com.woltlab.wcf.userTrophyCondition</name>
			<definitionname>com.woltlab.wcf.bulkProcessing.user.condition</definitionname>
			<classname>wcf\system\condition\UserTrophyCondition</classname>
			<conditiongroup>general</conditiongroup>
		</type>
		<type>
			<name>com.woltlab.wcf.trophyPoints</name>
			<definitionname>com.woltlab.wcf.bulkProcessing.user.condition</definitionname>
			<classname>wcf\system\condition\UserIntegerPropertyCondition</classname>
			<conditiongroup>contents</conditiongroup>
			<propertyname>trophyPoints</propertyname>
			<minvalue>0</minvalue>
		</type>
		<!-- /user bulk processing conditions -->
		<!-- user search conditions -->
		<type>
			<name>com.woltlab.wcf.userID</name>
			<definitionname>com.woltlab.wcf.condition.userSearch</definitionname>
			<classname>wcf\system\condition\UserUserIDCondition</classname>
			<conditiongroup>general</conditiongroup>
		</type>
		<type>
			<name>com.woltlab.wcf.username</name>
			<definitionname>com.woltlab.wcf.condition.userSearch</definitionname>
			<classname>wcf\system\condition\UserUsernameCondition</classname>
			<conditiongroup>general</conditiongroup>
		</type>
		<type>
			<name>com.woltlab.wcf.email</name>
			<definitionname>com.woltlab.wcf.condition.userSearch</definitionname>
			<classname>wcf\system\condition\UserEmailCondition</classname>
			<conditiongroup>general</conditiongroup>
		</type>
		<type>
			<name>com.woltlab.wcf.userGroup</name>
			<definitionname>com.woltlab.wcf.condition.userSearch</definitionname>
			<classname>wcf\system\condition\UserGroupCondition</classname>
			<conditiongroup>general</conditiongroup>
		</type>
		<type>
			<name>com.woltlab.wcf.languages</name>
			<definitionname>com.woltlab.wcf.condition.userSearch</definitionname>
			<classname>wcf\system\condition\UserLanguageCondition</classname>
			<conditiongroup>general</conditiongroup>
		</type>
		<type>
			<name>com.woltlab.wcf.registrationDate</name>
			<definitionname>com.woltlab.wcf.condition.userSearch</definitionname>
			<classname>wcf\system\condition\UserRegistrationDateCondition</classname>
			<conditiongroup>general</conditiongroup>
		</type>
		<type>
			<name>com.woltlab.wcf.registrationDateInterval</name>
			<definitionname>com.woltlab.wcf.condition.userSearch</definitionname>
			<classname>wcf\system\condition\UserRegistrationDateIntervalCondition</classname>
			<conditiongroup>general</conditiongroup>
		</type>
		<type>
			<name>com.woltlab.wcf.lastActivityTime</name>
			<definitionname>com.woltlab.wcf.condition.userSearch</definitionname>
			<classname>wcf\system\condition\UserTimestampPropertyCondition</classname>
			<conditiongroup>general</conditiongroup>
			<propertyname>lastActivityTime</propertyname>
		</type>
		<type>
			<name>com.woltlab.wcf.avatar</name>
			<definitionname>com.woltlab.wcf.condition.userSearch</definitionname>
			<classname>wcf\system\condition\UserAvatarCondition</classname>
			<conditiongroup>general</conditiongroup>
		</type>
		<type>
			<name>com.woltlab.wcf.signature</name>
			<definitionname>com.woltlab.wcf.condition.userSearch</definitionname>
			<classname>wcf\system\condition\UserSignatureCondition</classname>
			<conditiongroup>general</conditiongroup>
		</type>
		<type>
			<name>com.woltlab.wcf.coverPhoto</name>
			<definitionname>com.woltlab.wcf.condition.userSearch</definitionname>
			<classname>wcf\system\condition\UserCoverPhotoCondition</classname>
			<conditiongroup>general</conditiongroup>
		</type>
		<type>
			<name>com.woltlab.wcf.state</name>
			<definitionname>com.woltlab.wcf.condition.userSearch</definitionname>
			<classname>wcf\system\condition\UserStateCondition</classname>
			<conditiongroup>general</conditiongroup>
		</type>
		<type>
			<name>com.woltlab.wcf.activityPoints</name>
			<definitionname>com.woltlab.wcf.condition.userSearch</definitionname>
			<classname>wcf\system\condition\UserIntegerPropertyCondition</classname>
			<conditiongroup>contents</conditiongroup>
			<propertyname>activityPoints</propertyname>
			<minvalue>0</minvalue>
		</type>
		<type>
			<name>com.woltlab.wcf.likesReceived</name>
			<definitionname>com.woltlab.wcf.condition.userSearch</definitionname>
			<classname>wcf\system\condition\UserIntegerPropertyCondition</classname>
			<conditiongroup>contents</conditiongroup>
			<propertyname>likesReceived</propertyname>
			<minvalue>0</minvalue>
		</type>
		<type>
			<name>com.woltlab.wcf.userOptions</name>
			<definitionname>com.woltlab.wcf.condition.userSearch</definitionname>
			<classname>wcf\system\condition\UserOptionsCondition</classname>
			<conditiongroup>userOptions</conditiongroup>
		</type>
		<type>
			<name>com.woltlab.wcf.user.multifactor</name>
			<definitionname>com.woltlab.wcf.condition.userSearch</definitionname>
			<classname>wcf\system\condition\UserMultifactorCondition</classname>
			<conditiongroup>general</conditiongroup>
		</type>
		<!-- /user search conditions -->
		<!-- box controllers -->
		<type>
			<name>com.woltlab.wcf.recentActivityList</name>
			<definitionname>com.woltlab.wcf.boxController</definitionname>
			<classname>wcf\system\box\RecentActivityListBoxController</classname>
		</type>
		<type>
			<name>com.woltlab.wcf.paidSubscriptions</name>
			<definitionname>com.woltlab.wcf.boxController</definitionname>
			<classname>wcf\system\box\PaidSubscriptionsBoxController</classname>
		</type>
		<type>
			<name>com.woltlab.wcf.registerButton</name>
			<definitionname>com.woltlab.wcf.boxController</definitionname>
			<classname>wcf\system\box\RegisterButtonBoxController</classname>
		</type>
		<type>
			<name>com.woltlab.wcf.signedInAs</name>
			<definitionname>com.woltlab.wcf.boxController</definitionname>
			<classname>wcf\system\box\SignedInAsBoxController</classname>
		</type>
		<type>
			<name>com.woltlab.wcf.statistics</name>
			<definitionname>com.woltlab.wcf.boxController</definitionname>
			<classname>wcf\system\box\StatisticsBoxController</classname>
		</type>
		<type>
			<name>com.woltlab.wcf.userList</name>
			<definitionname>com.woltlab.wcf.boxController</definitionname>
			<classname>wcf\system\box\UserListBoxController</classname>
		</type>
		<type>
			<name>com.woltlab.wcf.userOnlineList</name>
			<definitionname>com.woltlab.wcf.boxController</definitionname>
			<classname>wcf\system\box\UserOnlineListBoxController</classname>
		</type>
		<type>
			<name>com.woltlab.wcf.staffOnlineList</name>
			<definitionname>com.woltlab.wcf.boxController</definitionname>
			<classname>wcf\system\box\StaffOnlineListBoxController</classname>
		</type>
		<type>
			<name>com.woltlab.wcf.todaysBirthdays</name>
			<definitionname>com.woltlab.wcf.boxController</definitionname>
			<classname>wcf\system\box\TodaysBirthdaysBoxController</classname>
		</type>
		<type>
			<name>com.woltlab.wcf.todaysFollowingBirthdays</name>
			<definitionname>com.woltlab.wcf.boxController</definitionname>
			<classname>wcf\system\box\TodaysFollowingBirthdaysBoxController</classname>
		</type>
		<type>
			<name>com.woltlab.wcf.followingsOnline</name>
			<definitionname>com.woltlab.wcf.boxController</definitionname>
			<classname>wcf\system\box\FollowingsOnlineBoxController</classname>
		</type>
		<type>
			<name>com.woltlab.wcf.pageCommentList</name>
			<definitionname>com.woltlab.wcf.boxController</definitionname>
			<classname>wcf\system\box\PageCommentListBoxController</classname>
		</type>
		<type>
			<name>com.woltlab.wcf.articleCategories</name>
			<definitionname>com.woltlab.wcf.boxController</definitionname>
			<classname>wcf\system\box\ArticleCategoriesBoxController</classname>
		</type>
		<type>
			<name>com.woltlab.wcf.articleList</name>
			<definitionname>com.woltlab.wcf.boxController</definitionname>
			<classname>wcf\system\box\ArticleListBoxController</classname>
		</type>
		<type>
			<name>com.woltlab.wcf.articleCommentList</name>
			<definitionname>com.woltlab.wcf.boxController</definitionname>
			<classname>wcf\system\box\ArticleCommentListBoxController</classname>
		</type>
		<type>
			<name>com.woltlab.wcf.whoWasOnline</name>
			<definitionname>com.woltlab.wcf.boxController</definitionname>
			<classname>wcf\system\box\WhoWasOnlineBoxController</classname>
		</type>
		<type>
			<name>com.woltlab.wcf.articleTagCloud</name>
			<definitionname>com.woltlab.wcf.boxController</definitionname>
			<classname>wcf\system\box\ArticleTagCloudBoxController</classname>
		</type>
		<type>
			<name>com.woltlab.wcf.userTrophies</name>
			<definitionname>com.woltlab.wcf.boxController</definitionname>
			<classname>wcf\system\box\UserTrophyListBoxController</classname>
		</type>
		<type>
			<name>com.woltlab.wcf.profileCommentList</name>
			<definitionname>com.woltlab.wcf.boxController</definitionname>
			<classname>wcf\system\box\ProfileCommentListBoxController</classname>
		</type>
		<type>
			<name>com.woltlab.wcf.trophyCategories</name>
			<definitionname>com.woltlab.wcf.boxController</definitionname>
			<classname>wcf\system\box\TrophyCategoriesBoxController</classname>
		</type>
		<!-- /box controllers -->
		<!-- simple acl -->
		<type>
			<name>com.woltlab.wcf.page</name>
			<definitionname>com.woltlab.wcf.acl.simple</definitionname>
		</type>
		<type>
			<name>com.woltlab.wcf.box</name>
			<definitionname>com.woltlab.wcf.acl.simple</definitionname>
		</type>
		<!-- /simple acl -->
		<!-- article list box condition -->
		<type>
			<name>com.woltlab.wcf.articleCategory</name>
			<definitionname>com.woltlab.wcf.box.articleList.condition</definitionname>
			<classname>wcf\system\condition\article\ArticleCategoryCondition</classname>
		</type>
		<!-- /article list box condition -->
		<!-- recent activity list box condition -->
		<type>
			<name>com.woltlab.wcf.excludedObjectType</name>
			<definitionname>com.woltlab.wcf.box.recentActivityList.condition</definitionname>
			<classname>wcf\system\condition\user\activity\event\UserActivityEventExcludedObjectTypeCondition</classname>
		</type>
		<!-- /recent activity box condition -->
		<!-- trophy list box condition -->
		<type>
			<name>com.woltlab.wcf.excludedTrophies</name>
			<definitionname>com.woltlab.wcf.box.userTrophyList.condition</definitionname>
			<classname>wcf\system\condition\user\trophy\UserTrophyExcludedTrophiesCondition</classname>
		</type>
		<type>
			<name>com.woltlab.wcf.excludedTrophyCategories</name>
			<definitionname>com.woltlab.wcf.box.userTrophyList.condition</definitionname>
			<classname>wcf\system\condition\user\trophy\UserTrophyExcludedTrophyCategoriesCondition</classname>
		</type>
		<!-- /trophy list box condition -->
		<!-- today's birthday list box condition -->
		<type>
			<name>com.woltlab.wcf.lastActivityTimeIntervalDays</name>
			<definitionname>com.woltlab.wcf.box.todaysBirthdays.condition</definitionname>
			<classname>wcf\system\condition\user\UserLastActivityTimeIntervalDaysCondition</classname>
			<ignoreZeroTime>1</ignoreZeroTime>
		</type>
		<!-- /today's birthday box condition -->
		<!-- today's birthday of followed users list box condition -->
		<type>
			<name>com.woltlab.wcf.lastActivityTimeIntervalDays</name>
			<definitionname>com.woltlab.wcf.box.todaysFollowingBirthdays.condition</definitionname>
			<classname>wcf\system\condition\user\UserLastActivityTimeIntervalDaysCondition</classname>
			<ignoreZeroTime>1</ignoreZeroTime>
		</type>
		<!-- /today's birthday of followed box condition -->
		<!-- user list box condition -->
		<type>
			<name>com.woltlab.wcf.userGroup</name>
			<definitionname>com.woltlab.wcf.box.userList.condition</definitionname>
			<classname>wcf\system\condition\UserGroupCondition</classname>
		</type>
		<!-- /user list box condition -->
		<!-- user online list box condition -->
		<type>
			<name>com.woltlab.wcf.userGroup</name>
			<definitionname>com.woltlab.wcf.box.userOnlineList.condition</definitionname>
			<classname>wcf\system\condition\UserGroupCondition</classname>
		</type>
		<!-- /user online list box condition -->
		<!-- media -->
		<type>
			<name>com.woltlab.wcf.media.caption</name>
			<definitionname>com.woltlab.wcf.message</definitionname>
		</type>
		<type>
			<name>com.woltlab.wcf.media</name>
			<definitionname>com.woltlab.wcf.acl.simple</definitionname>
		</type>
		<type>
			<name>com.woltlab.wcf.media.category</name>
			<definitionname>com.woltlab.wcf.category</definitionname>
			<classname>wcf\system\category\MediaCategoryType</classname>
		</type>
		<!-- /media -->
		<!-- sitemap -->
		<type>
			<name>com.woltlab.wcf.sitemap.object.user</name>
			<definitionname>com.woltlab.wcf.sitemap.object</definitionname>
			<classname>wcf\system\sitemap\object\UserSitemapObject</classname>
			<priority>0.5</priority>
			<changeFreq>monthly</changeFreq>
			<rebuildTime>259200</rebuildTime>
		</type>
		<type>
			<name>com.woltlab.wcf.sitemap.object.articleCategory</name>
			<definitionname>com.woltlab.wcf.sitemap.object</definitionname>
			<classname>wcf\system\sitemap\object\ArticleCategorySitemapObject</classname>
			<priority>0.5</priority>
			<changeFreq>weekly</changeFreq>
			<rebuildTime>2592000</rebuildTime>
		</type>
		<type>
			<name>com.woltlab.wcf.sitemap.object.article</name>
			<definitionname>com.woltlab.wcf.sitemap.object</definitionname>
			<classname>wcf\system\sitemap\object\ArticleSitemapObject</classname>
			<priority>0.5</priority>
			<changeFreq>monthly</changeFreq>
			<rebuildTime>259200</rebuildTime>
		</type>
		<type>
			<name>com.woltlab.wcf.sitemap.object.simplePage</name>
			<definitionname>com.woltlab.wcf.sitemap.object</definitionname>
			<classname>wcf\system\sitemap\object\SimplePageSitemapObject</classname>
			<priority>0.5</priority>
			<changeFreq>monthly</changeFreq>
			<rebuildTime>604800</rebuildTime>
		</type>
		<type>
			<name>com.woltlab.wcf.sitemap.object.multilingualPage</name>
			<definitionname>com.woltlab.wcf.sitemap.object</definitionname>
			<classname>wcf\system\sitemap\object\MultilingualPageSitemapObject</classname>
			<priority>0.5</priority>
			<changeFreq>monthly</changeFreq>
			<rebuildTime>604800</rebuildTime>
		</type>
		<!-- /sitemap -->
		<!-- trophy -->
		<type>
			<name>com.woltlab.wcf.trophy.category</name>
			<definitionname>com.woltlab.wcf.category</definitionname>
			<classname>wcf\system\category\TrophyCategoryType</classname>
		</type>
		<type>
			<name>com.woltlab.wcf.userTrophy.notification</name>
			<definitionname>com.woltlab.wcf.notification.objectType</definitionname>
			<classname>wcf\system\user\notification\object\type\UserTrophyNotificationObjectType</classname>
			<category>com.woltlab.wcf.user</category>
		</type>
		<type>
			<name>com.woltlab.wcf.userTrophy.recentActivityEvent.trophyReceived</name>
			<definitionname>com.woltlab.wcf.user.recentActivityEvent</definitionname>
			<classname>wcf\system\user\activity\event\TrophyReceivedUserActivityEvent</classname>
		</type>
		<!-- /trophy -->
		<!-- user content provider -->
		<type>
			<name>com.woltlab.wcf.comment</name>
			<definitionname>com.woltlab.wcf.content.userContentProvider</definitionname>
			<classname>wcf\system\user\content\provider\CommentUserContentProvider</classname>
		</type>
		<type>
			<name>com.woltlab.wcf.commentResponse</name>
			<definitionname>com.woltlab.wcf.content.userContentProvider</definitionname>
			<classname>wcf\system\user\content\provider\CommentResponseUserContentProvider</classname>
		</type>
		<type>
			<name>com.woltlab.wcf.article</name>
			<definitionname>com.woltlab.wcf.content.userContentProvider</definitionname>
			<classname>wcf\system\user\content\provider\ArticleUserContentProvider</classname>
		</type>
		<type>
			<name>com.woltlab.wcf.reaction</name>
			<definitionname>com.woltlab.wcf.content.userContentProvider</definitionname>
			<classname>wcf\system\user\content\provider\ReactionUserContentProvider</classname>
		</type>
		<!-- /user content provider -->
		<type>
			<name>com.woltlab.wcf.comment</name>
			<definitionname>com.woltlab.wcf.floodControl</definitionname>
		</type>
		<!-- multi factor -->
		<type>
			<name>com.woltlab.wcf.multifactor.backup</name>
			<definitionname>com.woltlab.wcf.multifactor</definitionname>
			<icon>sticky-note</icon>
			<priority>1</priority>
			<classname>wcf\system\user\multifactor\BackupMultifactorMethod</classname>
		</type>
		<type>
			<name>com.woltlab.wcf.multifactor.backup</name>
			<definitionname>com.woltlab.wcf.floodControl</definitionname>
		</type>
		<type>
			<name>com.woltlab.wcf.multifactor.totp</name>
			<definitionname>com.woltlab.wcf.multifactor</definitionname>
			<icon>mobile</icon>
			<priority>10</priority>
			<classname>wcf\system\user\multifactor\TotpMultifactorMethod</classname>
		</type>
		<type>
			<name>com.woltlab.wcf.multifactor.totp</name>
			<definitionname>com.woltlab.wcf.floodControl</definitionname>
		</type>
		<type>
			<name>com.woltlab.wcf.multifactor.email</name>
			<definitionname>com.woltlab.wcf.multifactor</definitionname>
			<icon>envelope</icon>
			<priority>5</priority>
			<classname>wcf\system\user\multifactor\EmailMultifactorMethod</classname>
		</type>
		<type>
			<name>com.woltlab.wcf.multifactor.email</name>
			<definitionname>com.woltlab.wcf.floodControl</definitionname>
		</type>
		<!-- /multi factor -->
		<type>
			<name>com.woltlab.wcf.lostPasswordForm</name>
			<definitionname>com.woltlab.wcf.floodControl</definitionname>
		</type>
		<type>
			<name>com.woltlab.wcf.search</name>
			<definitionname>com.woltlab.wcf.floodControl</definitionname>
		</type>
		<type>
			<name>com.woltlab.wcf.moderation.report</name>
			<definitionname>com.woltlab.wcf.floodControl</definitionname>
		</type>
		<!-- deprecated -->
		<type>
			<name>com.woltlab.wcf.page.controller</name>
			<definitionname>com.woltlab.wcf.condition.notice</definitionname>
			<classname>wcf\system\condition\MultiPageControllerCondition</classname>
			<conditionobject>com.woltlab.wcf.page</conditionobject>
		</type>
		<type>
			<name>com.woltlab.wcf.page.controller</name>
			<definitionname>com.woltlab.wcf.condition.ad</definitionname>
			<classname>wcf\system\condition\MultiPageControllerCondition</classname>
			<conditionobject>com.woltlab.wcf.page</conditionobject>
		</type>
		<!-- /deprecated -->
	</import>
	<delete>
		<type name="com.woltlab.wcf.searchEngineConvertInnoDb">
			<definitionname>com.woltlab.wcf.rebuildData</definitionname>
		</type>
		<type name="com.woltlab.wcf.page">
			<definitionname>com.woltlab.wcf.condition.box</definitionname>
		</type>
	</delete>
</data>
