<?xml version="1.0" encoding="UTF-8"?>
<data xmlns="http://www.woltlab.com" xmlns:xsi="http://www.w3.org/2001/XMLSchema-instance" xsi:schemaLocation="http://www.woltlab.com http://www.woltlab.com/XSD/5.4/templateListener.xsd">
	<import>
		<templatelistener name="articleSortField">
			<environment>admin</environment>
			<templatename>categoryAdd</templatename>
			<eventname>dataFields</eventname>
			<templatecode><![CDATA[{if $objectType->objectType == "com.woltlab.wcf.article.category"}{include file='__articleSortField'}{/if}]]></templatecode>
		</templatelistener>
	</import>
</data>
