<?xml version="1.0" encoding="UTF-8"?>
<data xmlns="http://www.woltlab.com" xmlns:xsi="http://www.w3.org/2001/XMLSchema-instance" xsi:schemaLocation="http://www.woltlab.com http://www.woltlab.com/XSD/2019/templateDelete.xsd">
	<delete>
		<template>__dialogForm</template>
		<template>__formFieldFooter</template>
		<template>__multifactorBackupCodeField</template>
		<template>__multifactorDisableExplanation</template>
		<template>__multifactorEmailCodeField</template>
		<template>__multifactorManageInitialBackup</template>
		<template>__multifactorTotpCodeField</template>
		<template>__objectActionDeleteIcon</template>
		<template>__objectActionToogleIcon</template>
		<template>__signatureMaxImageDimensions</template>
		<template>avatarCropDialog</template>
		<template>boxArticleListSidebar</template>
		<template>boxMostActiveMembers</template>
		<template>boxMostLikedMembers</template>
		<template>boxNewestMembers</template>
		<template>codeBBCodeTag</template>
		<template>cookiePolicy</template>
		<template>dashboard</template>
		<template>dashboardBoxContent</template>
		<template>dashboardBoxPaidSubscriptions</template>
		<template>dashboardBoxRecentActivity</template>
		<template>dashboardBoxRecentActivitySidebar</template>
		<template>dashboardBoxRegisterButton</template>
		<template>dashboardBoxSidebar</template>
		<template>dashboardBoxSignedInAs</template>
		<template>dashboardBoxStatsSidebar</template>
		<template>email</template>
		<template>email_mail</template>
		<template>emailTextPlain</template>
		<template>footerMenu</template>
		<template>mail</template>
		<template>mainMenu</template>
		<template>mainMenuSubMenu</template>
		<template>multifactorManageEmail</template>
		<template>notificationListOustanding</template>
		<template>pageLogo</template>
		<template>pageMenuMobile</template>
		<template>pageNavbarBottom</template>
		<template>privacyPolicy</template>
		<template>quoteBBCodeTag</template>
		<template>reactionTabbedUserList</template>
		<template>reactionTypeIcon</template>
		<template>searchArea</template>
		<template>searchResult</template>
		<template>shareButtonsPrivacySettings</template>
		<template>sitemap</template>
		<template>sitemapUserAccount</template>
		<template>spoilerBBCodeTag</template>
		<template>userHeader</template>
	</delete>
</data>
