<?xml version="1.0" encoding="UTF-8"?>
<data xmlns="http://www.woltlab.com" xmlns:xsi="http://www.w3.org/2001/XMLSchema-instance" xsi:schemaLocation="http://www.woltlab.com http://www.woltlab.com/XSD/5.4/userGroupOption.xsd">
	<import>
		<categories>
			<category name="user"/>
			<category name="user.profile">
				<parent>user</parent>
			</category>
			<category name="user.profileComment">
				<parent>user.profile</parent>
			</category>
			<category name="user.signature">
				<parent>user.profile</parent>
			</category>
			<category name="user.profile.avatar">
				<parent>user.profile</parent>
			</category>
			<category name="user.profile.coverPhoto">
				<parent>user.profile</parent>
			</category>
			<category name="user.profile.trophy">
				<parent>user.profile</parent>
			</category>
			<category name="user.profile.payment">
				<parent>user.profile</parent>
			</category>
			<category name="user.message">
				<parent>user</parent>
			</category>
			<category name="user.like">
				<parent>user.message</parent>
			</category>
			<category name="user.message.attachment">
				<parent>user.message</parent>
			</category>
			<category name="user.message.comment">
				<parent>user.message</parent>
			</category>
			<category name="user.message.contactForm">
				<parent>user.message</parent>
			</category>
			<category name="user.cms">
				<parent>user</parent>
			</category>
			<category name="user.article">
				<parent>user.cms</parent>
			</category>
			<category name="user.page">
				<parent>user.cms</parent>
			</category>
			<category name="mod"/>
			<category name="mod.general">
				<parent>mod</parent>
			</category>
			<category name="mod.profileComment">
				<parent>mod.general</parent>
			</category>
			<category name="mod.cms">
				<parent>mod</parent>
			</category>
			<category name="mod.page">
				<parent>mod.cms</parent>
			</category>
			<category name="mod.article">
				<parent>mod.cms</parent>
			</category>
			<category name="admin"/>
			<category name="admin.general">
				<parent>admin</parent>
			</category>
			<!-- admin.configuration -->
			<category name="admin.configuration">
				<parent>admin</parent>
			</category>
			<category name="admin.configuration.package">
				<parent>admin.configuration</parent>
			</category>
			<!-- /admin.configuration -->
			<!-- admin.user -->
			<category name="admin.user">
				<parent>admin</parent>
			</category>
			<category name="admin.user.user">
				<parent>admin.user</parent>
			</category>
			<category name="admin.user.group">
				<parent>admin.user</parent>
			</category>
			<category name="admin.user.trophy">
				<parent>admin.user</parent>
			</category>
			<!-- /admin.user -->
			<!-- admin.content -->
			<category name="admin.content">
				<parent>admin</parent>
			</category>
			<!-- /admin.content -->
			<!-- admin.application -->
			<category name="admin.application">
				<parent>admin</parent>
			</category>
			<!-- /admin.application -->
			<!-- admin.customization -->
			<category name="admin.customization">
				<parent>admin</parent>
			</category>
			<!-- /admin.customization -->
			<!-- admin.management -->
			<category name="admin.management">
				<parent>admin</parent>
			</category>
		</categories>
		<options>
			<!-- admin.general -->
			<option name="admin.general.canViewPrivateUserOptions">
				<categoryname>admin.general</categoryname>
				<optiontype>boolean</optiontype>
				<defaultvalue>0</defaultvalue>
				<admindefaultvalue>1</admindefaultvalue>
				<usersonly>1</usersonly>
			</option>
			<option name="admin.general.canViewPageDuringOfflineMode">
				<categoryname>admin.general</categoryname>
				<optiontype>boolean</optiontype>
				<defaultvalue>0</defaultvalue>
				<admindefaultvalue>1</admindefaultvalue>
				<usersonly>1</usersonly>
			</option>
			<option name="admin.user.canViewInvisible">
				<categoryname>admin.general</categoryname>
				<optiontype>boolean</optiontype>
				<defaultvalue>0</defaultvalue>
				<admindefaultvalue>1</admindefaultvalue>
				<usersonly>1</usersonly>
			</option>
			<option name="admin.user.canViewIpAddress">
				<categoryname>admin.general</categoryname>
				<optiontype>boolean</optiontype>
				<defaultvalue>0</defaultvalue>
				<admindefaultvalue>1</admindefaultvalue>
				<usersonly>1</usersonly>
			</option>
			<!-- /admin.general -->
			<!-- admin.configuration -->
			<option name="admin.configuration.canEditOption">
				<categoryname>admin.configuration</categoryname>
				<optiontype>boolean</optiontype>
				<defaultvalue>0</defaultvalue>
				<admindefaultvalue>1</admindefaultvalue>
				<usersonly>1</usersonly>
			</option>
			<option name="admin.user.canEditActivityPoints">
				<categoryname>admin.configuration</categoryname>
				<optiontype>boolean</optiontype>
				<defaultvalue>0</defaultvalue>
				<admindefaultvalue>1</admindefaultvalue>
				<usersonly>1</usersonly>
			</option>
			<option name="admin.captcha.canManageCaptchaQuestion">
				<categoryname>admin.configuration</categoryname>
				<optiontype>boolean</optiontype>
				<defaultvalue>0</defaultvalue>
				<admindefaultvalue>1</admindefaultvalue>
				<usersonly>1</usersonly>
			</option>
			<option name="admin.contact.canManageContactForm">
				<categoryname>admin.configuration</categoryname>
				<optiontype>boolean</optiontype>
				<defaultvalue>0</defaultvalue>
				<options>module_contact_form</options>
				<admindefaultvalue>1</admindefaultvalue>
				<usersonly>1</usersonly>
			</option>
			<option name="admin.configuration.canManageApplication">
				<categoryname>admin.configuration.package</categoryname>
				<optiontype>boolean</optiontype>
				<defaultvalue>0</defaultvalue>
				<admindefaultvalue>1</admindefaultvalue>
				<usersonly>1</usersonly>
			</option>
			<option name="admin.configuration.package.canUpdatePackage">
				<categoryname>admin.configuration.package</categoryname>
				<optiontype>boolean</optiontype>
				<defaultvalue>0</defaultvalue>
				<admindefaultvalue>1</admindefaultvalue>
				<usersonly>1</usersonly>
			</option>
			<option name="admin.configuration.package.canUninstallPackage">
				<categoryname>admin.configuration.package</categoryname>
				<optiontype>boolean</optiontype>
				<defaultvalue>0</defaultvalue>
				<admindefaultvalue>1</admindefaultvalue>
				<usersonly>1</usersonly>
			</option>
			<option name="admin.configuration.package.canEditServer">
				<categoryname>admin.configuration.package</categoryname>
				<optiontype>boolean</optiontype>
				<defaultvalue>0</defaultvalue>
				<admindefaultvalue>1</admindefaultvalue>
				<usersonly>1</usersonly>
			</option>
			<!-- /admin.configuration -->
			<!-- admin.user -->
			<option name="admin.user.accessibleGroups">
				<categoryname>admin.user.group</categoryname>
				<optiontype>userGroups</optiontype>
				<admindefaultvalue>1,2,3,4,5</admindefaultvalue>
				<usersonly>1</usersonly>
			</option>
			<option name="admin.user.canAddUser">
				<categoryname>admin.user.user</categoryname>
				<optiontype>boolean</optiontype>
				<defaultvalue>0</defaultvalue>
				<admindefaultvalue>1</admindefaultvalue>
				<usersonly>1</usersonly>
			</option>
			<option name="admin.user.canSearchUser">
				<categoryname>admin.user.user</categoryname>
				<optiontype>boolean</optiontype>
				<defaultvalue>0</defaultvalue>
				<admindefaultvalue>1</admindefaultvalue>
				<usersonly>1</usersonly>
			</option>
			<option name="admin.user.canEditUser">
				<categoryname>admin.user.user</categoryname>
				<optiontype>boolean</optiontype>
				<defaultvalue>0</defaultvalue>
				<admindefaultvalue>1</admindefaultvalue>
				<usersonly>1</usersonly>
			</option>
			<option name="admin.user.canEditMailAddress">
				<categoryname>admin.user.user</categoryname>
				<optiontype>boolean</optiontype>
				<defaultvalue>0</defaultvalue>
				<admindefaultvalue>1</admindefaultvalue>
				<usersonly>1</usersonly>
			</option>
			<option name="admin.user.canEditPassword">
				<categoryname>admin.user.user</categoryname>
				<optiontype>boolean</optiontype>
				<defaultvalue>0</defaultvalue>
				<admindefaultvalue>1</admindefaultvalue>
				<usersonly>1</usersonly>
			</option>
			<option name="admin.user.canDeleteUser">
				<categoryname>admin.user.user</categoryname>
				<optiontype>boolean</optiontype>
				<defaultvalue>0</defaultvalue>
				<admindefaultvalue>1</admindefaultvalue>
				<usersonly>1</usersonly>
			</option>
			<option name="admin.user.canEnableUser">
				<categoryname>admin.user.user</categoryname>
				<optiontype>boolean</optiontype>
				<defaultvalue>0</defaultvalue>
				<admindefaultvalue>1</admindefaultvalue>
				<usersonly>1</usersonly>
			</option>
			<option name="admin.user.canBanUser">
				<categoryname>admin.user.user</categoryname>
				<optiontype>boolean</optiontype>
				<defaultvalue>0</defaultvalue>
				<admindefaultvalue>1</admindefaultvalue>
				<usersonly>1</usersonly>
			</option>
			<option name="admin.user.canDisableAvatar">
				<categoryname>admin.user.user</categoryname>
				<optiontype>boolean</optiontype>
				<defaultvalue>0</defaultvalue>
				<admindefaultvalue>1</admindefaultvalue>
				<usersonly>1</usersonly>
			</option>
			<option name="admin.user.canDisableSignature">
				<categoryname>admin.user.user</categoryname>
				<optiontype>boolean</optiontype>
				<defaultvalue>0</defaultvalue>
				<options>module_user_signature</options>
				<admindefaultvalue>1</admindefaultvalue>
				<usersonly>1</usersonly>
			</option>
			<option name="admin.user.canDisableCoverPhoto">
				<categoryname>admin.user.user</categoryname>
				<optiontype>boolean</optiontype>
				<defaultvalue>0</defaultvalue>
				<admindefaultvalue>1</admindefaultvalue>
				<usersonly>1</usersonly>
			</option>
			<option name="admin.user.canMailUser">
				<categoryname>admin.user.user</categoryname>
				<optiontype>boolean</optiontype>
				<defaultvalue>0</defaultvalue>
				<admindefaultvalue>1</admindefaultvalue>
				<usersonly>1</usersonly>
			</option>
			<option name="admin.user.canManageNotificationSettings">
				<categoryname>admin.user.user</categoryname>
				<optiontype>boolean</optiontype>
				<defaultvalue>0</defaultvalue>
				<admindefaultvalue>1</admindefaultvalue>
				<usersonly>1</usersonly>
			</option>
			<option name="admin.user.canAddGroup">
				<categoryname>admin.user.group</categoryname>
				<optiontype>boolean</optiontype>
				<defaultvalue>0</defaultvalue>
				<admindefaultvalue>1</admindefaultvalue>
				<usersonly>1</usersonly>
			</option>
			<option name="admin.user.canDeleteGroup">
				<categoryname>admin.user.group</categoryname>
				<optiontype>boolean</optiontype>
				<defaultvalue>0</defaultvalue>
				<admindefaultvalue>1</admindefaultvalue>
				<usersonly>1</usersonly>
			</option>
			<option name="admin.user.canManageGroupAssignment">
				<categoryname>admin.user.group</categoryname>
				<optiontype>boolean</optiontype>
				<defaultvalue>0</defaultvalue>
				<admindefaultvalue>1</admindefaultvalue>
				<usersonly>1</usersonly>
			</option>
			<option name="admin.user.canManageUserOption">
				<categoryname>admin.user.user</categoryname>
				<optiontype>boolean</optiontype>
				<defaultvalue>0</defaultvalue>
				<admindefaultvalue>1</admindefaultvalue>
				<usersonly>1</usersonly>
			</option>
			<option name="admin.notice.canManageNotice">
				<categoryname>admin.user.user</categoryname>
				<optiontype>boolean</optiontype>
				<defaultvalue>0</defaultvalue>
				<admindefaultvalue>1</admindefaultvalue>
				<usersonly>1</usersonly>
			</option>
			<option name="admin.user.rank.canManageRank">
				<categoryname>admin.user.user</categoryname>
				<optiontype>boolean</optiontype>
				<defaultvalue>0</defaultvalue>
				<admindefaultvalue>1</admindefaultvalue>
				<usersonly>1</usersonly>
			</option>
			<option name="admin.paidSubscription.canManageSubscription">
				<categoryname>admin.user.user</categoryname>
				<optiontype>boolean</optiontype>
				<defaultvalue>0</defaultvalue>
				<admindefaultvalue>1</admindefaultvalue>
				<usersonly>1</usersonly>
			</option>
			<option name="admin.trophy.canManageTrophy">
				<categoryname>admin.user.trophy</categoryname>
				<optiontype>boolean</optiontype>
				<defaultvalue>0</defaultvalue>
				<options>module_trophy</options>
				<admindefaultvalue>1</admindefaultvalue>
				<usersonly>1</usersonly>
			</option>
			<option name="admin.trophy.canAwardTrophy">
				<categoryname>admin.user.trophy</categoryname>
				<optiontype>boolean</optiontype>
				<defaultvalue>0</defaultvalue>
				<options>module_trophy</options>
				<admindefaultvalue>1</admindefaultvalue>
				<usersonly>1</usersonly>
			</option>
			<!-- /admin.user -->
			<!-- admin.content -->
			<option name="admin.content.cms.canManagePage">
				<categoryname>admin.content</categoryname>
				<optiontype>boolean</optiontype>
				<defaultvalue>0</defaultvalue>
				<admindefaultvalue>1</admindefaultvalue>
				<usersonly>1</usersonly>
			</option>
			<option name="admin.content.cms.canManageMenu">
				<categoryname>admin.content</categoryname>
				<optiontype>boolean</optiontype>
				<defaultvalue>0</defaultvalue>
				<admindefaultvalue>1</admindefaultvalue>
				<usersonly>1</usersonly>
			</option>
			<option name="admin.content.cms.canManageBox">
				<categoryname>admin.content</categoryname>
				<optiontype>boolean</optiontype>
				<defaultvalue>0</defaultvalue>
				<admindefaultvalue>1</admindefaultvalue>
				<usersonly>1</usersonly>
			</option>
			<option name="admin.content.cms.canManageMedia">
				<categoryname>admin.content</categoryname>
				<optiontype>boolean</optiontype>
				<defaultvalue>0</defaultvalue>
				<enableoptions>admin.content.cms.canOnlyAccessOwnMedia</enableoptions>
				<admindefaultvalue>1</admindefaultvalue>
				<usersonly>1</usersonly>
			</option>
			<option name="admin.content.cms.canOnlyAccessOwnMedia">
				<categoryname>admin.content</categoryname>
				<optiontype>boolean</optiontype>
				<defaultvalue>0</defaultvalue>
				<admindefaultvalue>0</admindefaultvalue>
				<usersonly>1</usersonly>
			</option>
			<option name="admin.content.cms.canUseMedia">
				<categoryname>admin.content</categoryname>
				<optiontype>boolean</optiontype>
				<defaultvalue>0</defaultvalue>
				<admindefaultvalue>1</admindefaultvalue>
				<usersonly>1</usersonly>
			</option>
			<option name="admin.content.article.canManageArticle">
				<categoryname>admin.content</categoryname>
				<optiontype>boolean</optiontype>
				<defaultvalue>0</defaultvalue>
				<options>module_article</options>
				<admindefaultvalue>1</admindefaultvalue>
				<usersonly>1</usersonly>
			</option>
			<option name="admin.content.article.canContributeArticle">
				<categoryname>admin.content</categoryname>
				<optiontype>boolean</optiontype>
				<defaultvalue>0</defaultvalue>
				<options>module_article</options>
				<admindefaultvalue>1</admindefaultvalue>
				<usersonly>1</usersonly>
			</option>
			<option name="admin.content.article.canManageOwnArticles">
				<categoryname>admin.content</categoryname>
				<optiontype>boolean</optiontype>
				<defaultvalue>0</defaultvalue>
				<options>module_article</options>
				<admindefaultvalue>1</admindefaultvalue>
				<usersonly>1</usersonly>
			</option>
			<option name="admin.content.article.canManageCategory">
				<categoryname>admin.content</categoryname>
				<optiontype>boolean</optiontype>
				<defaultvalue>0</defaultvalue>
				<options>module_article</options>
				<admindefaultvalue>1</admindefaultvalue>
				<usersonly>1</usersonly>
			</option>
			<option name="admin.content.canBulkRevertContentChanges">
				<categoryname>admin.content</categoryname>
				<optiontype>boolean</optiontype>
				<defaultvalue>0</defaultvalue>
				<options>module_edit_history</options>
				<admindefaultvalue>1</admindefaultvalue>
				<usersonly>1</usersonly>
			</option>
			<option name="admin.content.label.canManageLabel">
				<categoryname>admin.content</categoryname>
				<optiontype>boolean</optiontype>
				<defaultvalue>0</defaultvalue>
				<admindefaultvalue>1</admindefaultvalue>
				<usersonly>1</usersonly>
			</option>
			<option name="admin.content.bbcode.canManageBBCode">
				<categoryname>admin.content</categoryname>
				<optiontype>boolean</optiontype>
				<defaultvalue>0</defaultvalue>
				<admindefaultvalue>1</admindefaultvalue>
				<usersonly>1</usersonly>
			</option>
			<option name="admin.content.tag.canManageTag">
				<categoryname>admin.content</categoryname>
				<optiontype>boolean</optiontype>
				<defaultvalue>0</defaultvalue>
				<admindefaultvalue>1</admindefaultvalue>
				<usersonly>1</usersonly>
			</option>
			<option name="admin.attachment.canManageAttachment">
				<categoryname>admin.content</categoryname>
				<optiontype>boolean</optiontype>
				<defaultvalue>0</defaultvalue>
				<admindefaultvalue>1</admindefaultvalue>
				<usersonly>1</usersonly>
			</option>
			<option name="admin.content.reaction.canManageReactionType">
				<categoryname>admin.content</categoryname>
				<optiontype>boolean</optiontype>
				<defaultvalue>0</defaultvalue>
				<admindefaultvalue>1</admindefaultvalue>
				<usersonly>1</usersonly>
			</option>
			<!-- /admin.content -->
			<!-- admin.customization -->
			<option name="admin.style.canManageStyle">
				<categoryname>admin.customization</categoryname>
				<optiontype>boolean</optiontype>
				<defaultvalue>0</defaultvalue>
				<admindefaultvalue>1</admindefaultvalue>
				<usersonly>1</usersonly>
			</option>
			<option name="admin.style.canUseDisabledStyle">
				<categoryname>admin.customization</categoryname>
				<optiontype>boolean</optiontype>
				<defaultvalue>0</defaultvalue>
				<admindefaultvalue>1</admindefaultvalue>
				<usersonly>1</usersonly>
			</option>
			<option name="admin.template.canManageTemplate">
				<categoryname>admin.customization</categoryname>
				<optiontype>boolean</optiontype>
				<defaultvalue>0</defaultvalue>
				<admindefaultvalue>1</admindefaultvalue>
				<usersonly>1</usersonly>
			</option>
			<option name="admin.language.canManageLanguage">
				<categoryname>admin.customization</categoryname>
				<optiontype>boolean</optiontype>
				<defaultvalue>0</defaultvalue>
				<admindefaultvalue>1</admindefaultvalue>
				<usersonly>1</usersonly>
			</option>
			<option name="admin.content.smiley.canManageSmiley">
				<categoryname>admin.content</categoryname>
				<optiontype>boolean</optiontype>
				<defaultvalue>0</defaultvalue>
				<admindefaultvalue>1</admindefaultvalue>
				<usersonly>1</usersonly>
			</option>
			<option name="admin.ad.canManageAd">
				<categoryname>admin.customization</categoryname>
				<optiontype>boolean</optiontype>
				<defaultvalue>0</defaultvalue>
				<admindefaultvalue>1</admindefaultvalue>
				<usersonly>1</usersonly>
			</option>
			<!-- /admin.customization -->
			<!-- admin.management -->
			<option name="admin.management.canManageCronjob">
				<categoryname>admin.management</categoryname>
				<optiontype>boolean</optiontype>
				<defaultvalue>0</defaultvalue>
				<admindefaultvalue>1</admindefaultvalue>
				<usersonly>1</usersonly>
			</option>
			<option name="admin.management.canRebuildData">
				<categoryname>admin.management</categoryname>
				<optiontype>boolean</optiontype>
				<defaultvalue>0</defaultvalue>
				<admindefaultvalue>1</admindefaultvalue>
				<usersonly>1</usersonly>
			</option>
			<option name="admin.management.canImportData">
				<categoryname>admin.management</categoryname>
				<optiontype>boolean</optiontype>
				<defaultvalue>0</defaultvalue>
				<admindefaultvalue>1</admindefaultvalue>
				<usersonly>1</usersonly>
			</option>
			<option name="admin.management.canViewLog">
				<categoryname>admin.management</categoryname>
				<optiontype>boolean</optiontype>
				<defaultvalue>0</defaultvalue>
				<admindefaultvalue>1</admindefaultvalue>
				<usersonly>1</usersonly>
			</option>
			<!-- /admin.management -->
			<option name="user.attachment.maxSize">
				<categoryname>user.message.attachment</categoryname>
				<optiontype>fileSize</optiontype>
				<defaultvalue>2000000</defaultvalue>
				<minvalue>10000</minvalue>
			</option>
			<option name="user.attachment.allowedExtensions">
				<categoryname>user.message.attachment</categoryname>
				<optiontype>lineBreakSeparatedText</optiontype>
				<defaultvalue>gif
jpg
jpeg
png
webp
bmp
zip
txt
pdf</defaultvalue>
				<wildcard>*</wildcard>
			</option>
			<option name="user.attachment.maxCount">
				<categoryname>user.message.attachment</categoryname>
				<optiontype>integer</optiontype>
				<defaultvalue>10</defaultvalue>
				<minvalue>1</minvalue>
				<maxvalue>100</maxvalue>
			</option>
			<!-- user.message -->
			<option name="user.message.disallowedBBCodes">
				<categoryname>user.message</categoryname>
				<optiontype>BBCodeSelect</optiontype>
			</option>
			<option name="user.message.canMentionGroups">
				<categoryname>user.message</categoryname>
				<optiontype>boolean</optiontype>
				<defaultvalue>1</defaultvalue>
			</option>
			<!-- /user.message -->
			<!-- user.message.comment -->
			<option name="user.comment.floodControlTime">
				<categoryname>user.message.comment</categoryname>
				<optiontype>inverseInteger</optiontype>
				<defaultvalue>15</defaultvalue>
				<minvalue>0</minvalue>
				<suffix>seconds</suffix>
				<admindefaultvalue>0</admindefaultvalue>
			</option>
			<!-- maxvalue: 16,777,215 rounded to a nice number -->
			<option name="user.comment.maxLength">
				<categoryname>user.message.comment</categoryname>
				<optiontype>integer</optiontype>
				<defaultvalue>100000</defaultvalue>
				<minvalue>0</minvalue>
				<maxvalue>15000000</maxvalue>
				<suffix>chars</suffix>
			</option>
			<option name="user.comment.disallowedBBCodes">
				<categoryname>user.message.comment</categoryname>
				<optiontype>BBCodeSelect</optiontype>
			</option>
			<!-- /user.message.comment -->
			<!-- user.message.contactForm -->
			<option name="user.contactForm.attachment.maxSize">
				<categoryname>user.message.contactForm</categoryname>
				<optiontype>fileSize</optiontype>
				<defaultvalue>2000000</defaultvalue>
				<minvalue>10000</minvalue>
			</option>
			<option name="user.contactForm.attachment.allowedExtensions">
				<categoryname>user.message.contactForm</categoryname>
				<optiontype>lineBreakSeparatedText</optiontype>
				<defaultvalue>gif
jpg
jpeg
png
webp
bmp
zip
txt
pdf</defaultvalue>
				<wildcard>*</wildcard>
			</option>
			<option name="user.contactForm.attachment.maxCount">
				<categoryname>user.message.contactForm</categoryname>
				<optiontype>integer</optiontype>
				<defaultvalue>5</defaultvalue>
				<minvalue>1</minvalue>
				<maxvalue>100</maxvalue>
			</option>
			<!-- /user.message.contactForm -->
			<!-- user.signature -->
			<option name="user.signature.canEditSignature">
				<categoryname>user.signature</categoryname>
				<optiontype>boolean</optiontype>
				<defaultvalue>1</defaultvalue>
				<usersonly>1</usersonly>
				<options>module_user_signature</options>
			</option>
			<option name="user.signature.maxLength">
				<categoryname>user.signature</categoryname>
				<optiontype>integer</optiontype>
				<defaultvalue>500</defaultvalue>
				<options>module_user_signature</options>
				<minvalue>100</minvalue>
				<maxvalue>65000</maxvalue>
				<suffix>chars</suffix>
				<admindefaultvalue>10000</admindefaultvalue>
				<usersonly>1</usersonly>
			</option>
			<option name="user.signature.disallowedBBCodes">
				<categoryname>user.signature</categoryname>
				<optiontype>BBCodeSelect</optiontype>
				<options>module_user_signature</options>
				<usersonly>1</usersonly>
			</option>
			<option name="user.signature.attachment.canUpload">
				<categoryname>user.signature</categoryname>
				<optiontype>boolean</optiontype>
				<defaultvalue>1</defaultvalue>
				<usersonly>1</usersonly>
				<enableoptions>user.signature.attachment.maxSize,user.signature.attachment.allowedExtensions,user.signature.attachment.maxCount</enableoptions>
				<options>module_user_signature</options>
			</option>
			<option name="user.signature.attachment.maxSize">
				<categoryname>user.signature</categoryname>
				<optiontype>fileSize</optiontype>
				<defaultvalue>2000000</defaultvalue>
				<minvalue>10000</minvalue>
				<options>module_user_signature</options>
			</option>
			<option name="user.signature.attachment.allowedExtensions">
				<categoryname>user.signature</categoryname>
				<optiontype>lineBreakSeparatedText</optiontype>
				<defaultvalue>gif
jpg
jpeg
png
webp
bmp</defaultvalue>
				<wildcard>*</wildcard>
				<options>module_user_signature</options>
			</option>
			<option name="user.signature.attachment.maxCount">
				<categoryname>user.signature</categoryname>
				<optiontype>integer</optiontype>
				<defaultvalue>10</defaultvalue>
				<minvalue>1</minvalue>
				<maxvalue>100</maxvalue>
				<options>module_user_signature</options>
			</option>
			<!-- /user.signature -->
			<!-- user.profile -->
			<option name="user.profile.canChangeEmail">
				<categoryname>user.profile</categoryname>
				<optiontype>boolean</optiontype>
				<defaultvalue>1</defaultvalue>
				<usersonly>1</usersonly>
			</option>
			<option name="user.profile.canQuit">
				<categoryname>user.profile</categoryname>
				<optiontype>boolean</optiontype>
				<defaultvalue>0</defaultvalue>
				<usersonly>1</usersonly>
			</option>
			<option name="user.profile.canRename">
				<categoryname>user.profile</categoryname>
				<optiontype>boolean</optiontype>
				<defaultvalue>1</defaultvalue>
				<enableoptions>user.profile.renamePeriod</enableoptions>
				<usersonly>1</usersonly>
			</option>
			<option name="user.profile.renamePeriod">
				<categoryname>user.profile</categoryname>
				<optiontype>inverseInteger</optiontype>
				<defaultvalue>182</defaultvalue>
				<suffix>days</suffix>
				<usersonly>1</usersonly>
			</option>
			<option name="user.profile.canEditUserTitle">
				<categoryname>user.profile</categoryname>
				<optiontype>boolean</optiontype>
				<defaultvalue>0</defaultvalue>
				<admindefaultvalue>1</admindefaultvalue>
				<usersonly>1</usersonly>
			</option>
			<option name="user.profile.canViewMembersList">
				<categoryname>user.profile</categoryname>
				<optiontype>boolean</optiontype>
				<defaultvalue>1</defaultvalue>
			</option>
			<option name="user.profile.canViewUsersOnlineList">
				<categoryname>user.profile</categoryname>
				<optiontype>boolean</optiontype>
				<defaultvalue>1</defaultvalue>
				<options>module_users_online</options>
			</option>
			<option name="user.profile.canViewUserProfile">
				<categoryname>user.profile</categoryname>
				<optiontype>boolean</optiontype>
				<defaultvalue>1</defaultvalue>
			</option>
			<option name="user.profile.canViewStatistics">
				<categoryname>user.profile</categoryname>
				<optiontype>boolean</optiontype>
				<defaultvalue>1</defaultvalue>
			</option>
			<option name="user.profile.cannotBeIgnored">
				<categoryname>user.profile</categoryname>
				<optiontype>boolean</optiontype>
				<defaultvalue>0</defaultvalue>
				<admindefaultvalue>1</admindefaultvalue>
				<usersonly>1</usersonly>
			</option>
			<option name="user.profile.canReportContent">
				<categoryname>user.profile</categoryname>
				<optiontype>boolean</optiontype>
				<defaultvalue>1</defaultvalue>
			</option>
			<option name="user.profile.aboutMeMaxLength">
				<categoryname>user.profile</categoryname>
				<optiontype>integer</optiontype>
				<defaultvalue>1000</defaultvalue>
				<minvalue>100</minvalue>
				<maxvalue>65000</maxvalue>
				<suffix>chars</suffix>
				<admindefaultvalue>10000</admindefaultvalue>
			</option>
			<option name="user.profile.canEditUserProfile">
				<categoryname>user.profile</categoryname>
				<optiontype>boolean</optiontype>
				<defaultvalue>1</defaultvalue>
				<usersonly>1</usersonly>
			</option>
			<option name="user.profile.canHideOnlineStatus">
				<categoryname>user.profile</categoryname>
				<optiontype>boolean</optiontype>
				<defaultvalue>1</defaultvalue>
				<usersonly>1</usersonly>
			</option>
			<option name="user.profile.avatar.canSeeAvatars">
				<categoryname>user.profile.avatar</categoryname>
				<optiontype>boolean</optiontype>
				<defaultvalue>1</defaultvalue>
			</option>
			<option name="user.profile.avatar.canUploadAvatar">
				<categoryname>user.profile.avatar</categoryname>
				<optiontype>boolean</optiontype>
				<defaultvalue>1</defaultvalue>
				<enableoptions>user.profile.avatar.maxSize,user.profile.avatar.allowedFileExtensions</enableoptions>
				<usersonly>1</usersonly>
			</option>
			<option name="user.profile.avatar.maxSize">
				<categoryname>user.profile.avatar</categoryname>
				<optiontype>fileSize</optiontype>
				<defaultvalue>100000</defaultvalue>
				<minvalue>10000</minvalue>
				<usersonly>1</usersonly>
			</option>
			<option name="user.profile.avatar.allowedFileExtensions">
				<categoryname>user.profile.avatar</categoryname>
				<optiontype>lineBreakSeparatedText</optiontype>
				<defaultvalue>gif
jpg
jpeg
png
webp</defaultvalue>
				<usersonly>1</usersonly>
			</option>
			<option name="user.profile.coverPhoto.canSeeCoverPhotos">
				<categoryname>user.profile.coverPhoto</categoryname>
				<optiontype>boolean</optiontype>
				<defaultvalue>1</defaultvalue>
			</option>
			<option name="user.profile.coverPhoto.canUploadCoverPhoto">
				<categoryname>user.profile.coverPhoto</categoryname>
				<optiontype>boolean</optiontype>
				<defaultvalue>1</defaultvalue>
				<usersonly>1</usersonly>
			</option>
			<option name="user.profile.coverPhoto.maxSize">
				<categoryname>user.profile.coverPhoto</categoryname>
				<optiontype>fileSize</optiontype>
				<defaultvalue>500000</defaultvalue>
				<minvalue>100000</minvalue>
				<usersonly>1</usersonly>
			</option>
			<option name="user.profile.trophy.canSeeTrophies">
				<categoryname>user.profile.trophy</categoryname>
				<optiontype>boolean</optiontype>
				<defaultvalue>1</defaultvalue>
				<options>module_trophy</options>
			</option>
			<option name="user.profile.trophy.maxUserSpecialTrophies">
				<categoryname>user.profile.trophy</categoryname>
				<optiontype>integer</optiontype>
				<defaultvalue>5</defaultvalue>
				<options>module_trophy</options>
				<minvalue>0</minvalue>
				<usersonly>1</usersonly>
			</option>
			<option name="user.profile.payment.canBuyPaidSubscription">
				<categoryname>user.profile.payment</categoryname>
				<optiontype>boolean</optiontype>
				<defaultvalue>1</defaultvalue>
				<options>module_paid_subscription</options>
				<usersonly>1</usersonly>
			</option>
			<!-- /user.profile -->
			<option name="user.page.canAddComment">
				<categoryname>user.page</categoryname>
				<optiontype>boolean</optiontype>
				<defaultvalue>1</defaultvalue>
				<enableoptions>user.page.canAddCommentWithoutModeration</enableoptions>
				<excludedInTinyBuild>1</excludedInTinyBuild>
			</option>
			<option name="user.page.canAddCommentWithoutModeration">
				<categoryname>user.page</categoryname>
				<optiontype>boolean</optiontype>
				<defaultvalue>1</defaultvalue>
				<excludedInTinyBuild>1</excludedInTinyBuild>
			</option>
			<option name="user.page.canEditComment">
				<categoryname>user.page</categoryname>
				<optiontype>boolean</optiontype>
				<defaultvalue>1</defaultvalue>
				<usersonly>1</usersonly>
			</option>
			<option name="user.page.canDeleteComment">
				<categoryname>user.page</categoryname>
				<optiontype>boolean</optiontype>
				<defaultvalue>0</defaultvalue>
				<admindefaultvalue>1</admindefaultvalue>
				<usersonly>1</usersonly>
			</option>
			<option name="user.article.canReadArticle">
				<categoryname>user.article</categoryname>
				<optiontype>boolean</optiontype>
				<defaultvalue>1</defaultvalue>
				<options>module_article</options>
			</option>
			<option name="user.article.canAddComment">
				<categoryname>user.article</categoryname>
				<optiontype>boolean</optiontype>
				<defaultvalue>1</defaultvalue>
				<enableoptions>user.article.canAddCommentWithoutModeration</enableoptions>
				<options>module_article</options>
				<excludedInTinyBuild>1</excludedInTinyBuild>
			</option>
			<option name="user.article.canAddCommentWithoutModeration">
				<categoryname>user.article</categoryname>
				<optiontype>boolean</optiontype>
				<defaultvalue>1</defaultvalue>
				<options>module_article</options>
				<excludedInTinyBuild>1</excludedInTinyBuild>
			</option>
			<option name="user.article.canEditComment">
				<categoryname>user.article</categoryname>
				<optiontype>boolean</optiontype>
				<defaultvalue>1</defaultvalue>
				<options>module_article</options>
				<usersonly>1</usersonly>
			</option>
			<option name="user.article.canDeleteComment">
				<categoryname>user.article</categoryname>
				<optiontype>boolean</optiontype>
				<defaultvalue>0</defaultvalue>
				<options>module_article</options>
				<admindefaultvalue>1</admindefaultvalue>
				<usersonly>1</usersonly>
			</option>
			<option name="mod.general.canUseModeration">
				<categoryname>mod.general</categoryname>
				<optiontype>boolean</optiontype>
				<defaultvalue>0</defaultvalue>
				<moddefaultvalue>1</moddefaultvalue>
				<usersonly>1</usersonly>
			</option>
			<option name="user.like.canViewLike">
				<categoryname>user.like</categoryname>
				<optiontype>boolean</optiontype>
				<defaultvalue>1</defaultvalue>
				<options>module_like</options>
			</option>
			<option name="user.like.canLike">
				<categoryname>user.like</categoryname>
				<optiontype>boolean</optiontype>
				<defaultvalue>1</defaultvalue>
				<options>module_like</options>
				<usersonly>1</usersonly>
			</option>
			<!-- mod.general -->
			<option name="mod.profileComment.canEditComment">
				<categoryname>mod.profileComment</categoryname>
				<optiontype>boolean</optiontype>
				<defaultvalue>0</defaultvalue>
				<options>module_user_profile_wall</options>
				<moddefaultvalue>1</moddefaultvalue>
				<usersonly>1</usersonly>
			</option>
			<option name="mod.profileComment.canDeleteComment">
				<categoryname>mod.profileComment</categoryname>
				<optiontype>boolean</optiontype>
				<defaultvalue>0</defaultvalue>
				<options>module_user_profile_wall</options>
				<moddefaultvalue>1</moddefaultvalue>
				<usersonly>1</usersonly>
			</option>
			<option name="mod.profileComment.canModerateComment">
				<categoryname>mod.profileComment</categoryname>
				<optiontype>boolean</optiontype>
				<defaultvalue>0</defaultvalue>
				<options>module_user_profile_wall</options>
				<moddefaultvalue>1</moddefaultvalue>
				<usersonly>1</usersonly>
			</option>
			<!-- /mod.general -->
			<option name="mod.page.canEditComment">
				<categoryname>mod.page</categoryname>
				<optiontype>boolean</optiontype>
				<defaultvalue>0</defaultvalue>
				<moddefaultvalue>1</moddefaultvalue>
				<usersonly>1</usersonly>
			</option>
			<option name="mod.page.canDeleteComment">
				<categoryname>mod.page</categoryname>
				<optiontype>boolean</optiontype>
				<defaultvalue>0</defaultvalue>
				<moddefaultvalue>1</moddefaultvalue>
				<usersonly>1</usersonly>
			</option>
			<option name="mod.page.canModerateComment">
				<categoryname>mod.page</categoryname>
				<optiontype>boolean</optiontype>
				<defaultvalue>0</defaultvalue>
				<moddefaultvalue>1</moddefaultvalue>
				<usersonly>1</usersonly>
			</option>
			<option name="mod.article.canEditComment">
				<categoryname>mod.article</categoryname>
				<optiontype>boolean</optiontype>
				<defaultvalue>0</defaultvalue>
				<options>module_article</options>
				<moddefaultvalue>1</moddefaultvalue>
				<usersonly>1</usersonly>
			</option>
			<option name="mod.article.canDeleteComment">
				<categoryname>mod.article</categoryname>
				<optiontype>boolean</optiontype>
				<defaultvalue>0</defaultvalue>
				<options>module_article</options>
				<moddefaultvalue>1</moddefaultvalue>
				<usersonly>1</usersonly>
			</option>
			<option name="mod.article.canModerateComment">
				<categoryname>mod.article</categoryname>
				<optiontype>boolean</optiontype>
				<defaultvalue>0</defaultvalue>
				<options>module_article</options>
				<moddefaultvalue>1</moddefaultvalue>
				<usersonly>1</usersonly>
			</option>
			<!-- user.profileComment -->
			<option name="user.profileComment.canAddComment">
				<categoryname>user.profileComment</categoryname>
				<optiontype>boolean</optiontype>
				<defaultvalue>1</defaultvalue>
				<enableoptions>user.profileComment.canAddCommentWithoutModeration</enableoptions>
				<options>module_user_profile_wall</options>
				<excludedInTinyBuild>1</excludedInTinyBuild>
			</option>
			<option name="user.profileComment.canAddCommentWithoutModeration">
				<categoryname>user.profileComment</categoryname>
				<optiontype>boolean</optiontype>
				<defaultvalue>1</defaultvalue>
				<excludedInTinyBuild>1</excludedInTinyBuild>
			</option>
			<option name="user.profileComment.canEditComment">
				<categoryname>user.profileComment</categoryname>
				<optiontype>boolean</optiontype>
				<defaultvalue>1</defaultvalue>
				<options>module_user_profile_wall</options>
				<usersonly>1</usersonly>
			</option>
			<option name="user.profileComment.canDeleteComment">
				<categoryname>user.profileComment</categoryname>
				<optiontype>boolean</optiontype>
				<defaultvalue>0</defaultvalue>
				<options>module_user_profile_wall</options>
				<admindefaultvalue>1</admindefaultvalue>
				<usersonly>1</usersonly>
			</option>
			<option name="user.profileComment.canDeleteCommentInOwnProfile">
				<categoryname>user.profileComment</categoryname>
				<optiontype>boolean</optiontype>
				<defaultvalue>0</defaultvalue>
				<options>module_user_profile_wall</options>
				<usersonly>1</usersonly>
			</option>
			<!-- /user.profileComment -->
			<option name="user.tag.canViewTag">
				<categoryname>user.message</categoryname>
				<optiontype>boolean</optiontype>
				<defaultvalue>1</defaultvalue>
				<options>module_tagging</options>
			</option>
			<option name="admin.user.canExportGdprData">
				<categoryname>admin.user.user</categoryname>
				<optiontype>boolean</optiontype>
				<defaultvalue>0</defaultvalue>
				<admindefaultvalue>1</admindefaultvalue>
				<moddefaultvalue>0</moddefaultvalue>
				<userdefaultvalue>0</userdefaultvalue>
				<usersonly>1</usersonly>
			</option>
		</options>
	</import>
</data>
