<?xml version="1.0" encoding="UTF-8"?>
<data xmlns="http://www.woltlab.com" xmlns:xsi="http://www.w3.org/2001/XMLSchema-instance" xsi:schemaLocation="http://www.woltlab.com http://www.woltlab.com/XSD/5.4/userGroupOption.xsd">
	<import>
		<categories>
			<category name="mod.person">
				<parent>mod</parent>
			</category>
			<category name="user.person">
				<parent>user</parent>
			</category>
		</categories>
		
		<options>
			<option name="admin.content.canManagePeople">
				<categoryname>admin.content</categoryname>
				<optiontype>boolean</optiontype>
				<defaultvalue>0</defaultvalue>
				<admindefaultvalue>1</admindefaultvalue>
				<usersonly>1</usersonly>
			</option>
			<option name="mod.person.canModerateComment">
				<categoryname>mod.person</categoryname>
				<optiontype>boolean</optiontype>
				<defaultvalue>0</defaultvalue>
				<moddefaultvalue>1</moddefaultvalue>
				<usersonly>1</usersonly>
			</option>
			<option name="mod.person.canEditComment">
				<categoryname>mod.person</categoryname>
				<optiontype>boolean</optiontype>
				<defaultvalue>0</defaultvalue>
				<moddefaultvalue>1</moddefaultvalue>
				<usersonly>1</usersonly>
			</option>
			<option name="mod.person.canDeleteComment">
				<categoryname>mod.person</categoryname>
				<optiontype>boolean</optiontype>
				<defaultvalue>0</defaultvalue>
				<moddefaultvalue>1</moddefaultvalue>
				<usersonly>1</usersonly>
			</option>
			<option name="mod.person.canEditInformation">
				<categoryname>mod.person</categoryname>
				<optiontype>boolean</optiontype>
				<defaultvalue>0</defaultvalue>
				<moddefaultvalue>1</moddefaultvalue>
				<usersonly>1</usersonly>
			</option>
			<option name="mod.person.canDeleteInformation">
				<categoryname>user.person</categoryname>
				<optiontype>boolean</optiontype>
				<defaultvalue>0</defaultvalue>
				<moddefaultvalue>1</moddefaultvalue>
				<usersonly>1</usersonly>
			</option>
			<option name="user.person.canAddInformation">
				<categoryname>user.person</categoryname>
				<optiontype>boolean</optiontype>
				<defaultvalue>1</defaultvalue>
				<excludedInTinyBuild>1</excludedInTinyBuild>
			</option>
			<option name="user.person.canEditInformation">
				<categoryname>user.person</categoryname>
				<optiontype>boolean</optiontype>
				<defaultvalue>1</defaultvalue>
				<excludedInTinyBuild>1</excludedInTinyBuild>
			</option>
			<option name="user.person.canDeleteInformation">
				<categoryname>user.person</categoryname>
				<optiontype>boolean</optiontype>
				<defaultvalue>0</defaultvalue>
				<excludedInTinyBuild>1</excludedInTinyBuild>
			</option>
			<option name="user.person.canAddComment">
				<categoryname>user.person</categoryname>
				<optiontype>boolean</optiontype>
				<defaultvalue>1</defaultvalue>
				<enableoptions>user.person.canAddCommentWithoutModeration</enableoptions>
				<excludedInTinyBuild>1</excludedInTinyBuild>
			</option>
			<option name="user.person.canAddCommentWithoutModeration">
				<categoryname>user.person</categoryname>
				<optiontype>boolean</optiontype>
				<defaultvalue>1</defaultvalue>
				<excludedInTinyBuild>1</excludedInTinyBuild>
			</option>
			<option name="user.person.canEditComment">
				<categoryname>user.person</categoryname>
				<optiontype>boolean</optiontype>
				<defaultvalue>1</defaultvalue>
				<usersonly>1</usersonly>
			</option>
			<option name="user.person.canDeleteComment">
				<categoryname>user.person</categoryname>
				<optiontype>boolean</optiontype>
				<defaultvalue>0</defaultvalue>
				<admindefaultvalue>1</admindefaultvalue>
				<usersonly>1</usersonly>
			</option>
		</options>
	</import>
</data>
