<?xml version="1.0" encoding="UTF-8"?>
<language xmlns="http://www.woltlab.com" xmlns:xsi="http://www.w3.org/2001/XMLSchema-instance" xsi:schemaLocation="http://www.woltlab.com http://www.woltlab.com/XSD/6.0/language.xsd" languagecode="es" languagename="Español" countrycode="es">
	<import>
		<category name="wcf.acp.group">
			<item name="wcf.acp.group.option.mod.board.canChangeAuthor"><![CDATA[Puede editar el autor]]></item>
		</category>
		<category name="wcf.message">
			<item name="wcf.message.changeAuthor"><![CDATA[Editar autor]]></item>
			<item name="wcf.message.changeAuthor.success"><![CDATA[El autor ha sido modificado correctamente.]]></item>
		</category>
		<category name="wcf.acp.modificationLog">
			<item name="wcf.acp.modificationLog.dev.hanashi.wbb.post.author.changeAuthor"><![CDATA[Autor del post cambiado]]></item>
		</category>
	</import>
	<delete>
		<item name="wcf.message.changeAuthor.succes"/>
	</delete>
</language>
