<?xml version="1.0" encoding="UTF-8"?>
<language xmlns="http://www.woltlab.com" xmlns:xsi="http://www.w3.org/2001/XMLSchema-instance" xsi:schemaLocation="http://www.woltlab.com http://www.woltlab.com/XSD/6.0/language.xsd" languagecode="es">
<import>
	<category name="wcf.acp.option">
		<item name="wcf.acp.option.elasticsearch_index_name"><![CDATA[Prefijo de índice de Elasticsearch]]></item>
		<item name="wcf.acp.option.elasticsearch_index_name.description"><![CDATA[El prefijo se usará para todos los índices. Si estás ejecutando múltiples instancias del software utilizando un único clúster de Elasticsearch, debes proporcionar un prefijo de índice único para cada instancia.]]></item>
		<item name="wcf.acp.option.elasticsearch_password"><![CDATA[Contraseña de Elasticsearch]]></item>
		<item name="wcf.acp.option.elasticsearch_password.description"><![CDATA[Opcional: Por favor, proporciona la contraseña para la autenticación del usuario.]]></item>
		<item name="wcf.acp.option.elasticsearch_pem_crt_path"><![CDATA[Certificado de cliente de Elasticsearch (clave pública)]]></item>
		<item name="wcf.acp.option.elasticsearch_pem_crt_path.description"><![CDATA[Opcional: Por favor, proporciona la ruta absoluta a la clave pública (formato PEM).]]></item>
		<item name="wcf.acp.option.elasticsearch_pem_key_path"><![CDATA[Certificado de cliente de Elasticsearch (clave privada)]]></item>
		<item name="wcf.acp.option.elasticsearch_pem_key_path.description"><![CDATA[Opcional: Por favor, proporciona la ruta absoluta a la clave privada (formato PEM).]]></item>
		<item name="wcf.acp.option.elasticsearch_score_function"><![CDATA[Puntuación de relevancia: Función]]></item>
		<item name="wcf.acp.option.elasticsearch_score_function.description"><![CDATA[Los documentos que coincidan y sean anteriores al período seleccionado se consideran menos relevantes. Esta función controla la curva de decaimiento a partir de ese punto. Más información está disponible en la <a href="https://www.elastic.co/guide/en/elasticsearch/guide/current/decay-functions.html#img-decay-functions" class="externalURL">documentación de Elasticsearch</a> (el período seleccionado corresponde a “offset”, “scale” es la mitad del valor de “offset” y “decay” está configurado en “0.5”).]]></item>
		<item name="wcf.acp.option.elasticsearch_score_time"><![CDATA[Puntuación de relevancia: Periodo]]></item>
		<item name="wcf.acp.option.elasticsearch_score_time.description"><![CDATA[Los documentos que coincidan dentro de este período se consideran igualmente recientes; los documentos más antiguos recibirán una penalización en la puntuación.]]></item>
		<item name="wcf.acp.option.elasticsearch_score_time.disabled"><![CDATA[(Sin penalización)]]></item>
		<item name="wcf.acp.option.elasticsearch_score_time.30days"><![CDATA[30 días]]></item>
		<item name="wcf.acp.option.elasticsearch_score_time.90days"><![CDATA[90 días]]></item>
		<item name="wcf.acp.option.elasticsearch_score_time.6months"><![CDATA[6 meses]]></item>
		<item name="wcf.acp.option.elasticsearch_score_time.1year"><![CDATA[1 año]]></item>
		<item name="wcf.acp.option.elasticsearch_score_time.2years"><![CDATA[2 años]]></item>
		<item name="wcf.acp.option.elasticsearch_server"><![CDATA[Servidor Elasticsearch]]></item>
		<item name="wcf.acp.option.elasticsearch_server.description"><![CDATA[Por favor, proporciona la dirección del servidor Elasticsearch, incluido el puerto de escucha, por ejemplo, “http://127.0.0.1:9200”.]]></item>
		<item name="wcf.acp.option.elasticsearch_username"><![CDATA[Nombre de usuario de Elasticsearch]]></item>
		<item name="wcf.acp.option.elasticsearch_username.description"><![CDATA[Opcional: Por favor, proporciona el nombre de usuario para la autenticación del usuario.]]></item>
		<item name="wcf.acp.option.search_engine.elasticsearch"><![CDATA[Usar Elasticsearch]]></item>
	</category>
</import>
	<delete>
		<item name="wcf.acp.option.elasticsearch_allow_leading_wildcard"/>
		<item name="wcf.acp.option.elasticsearch_allow_leading_wildcard.description"/>
		<item name="wcf.acp.rebuildData.elasticsearch.error.deletePlugin"/>
	</delete>
</language>
