<?xml version="1.0" encoding="UTF-8"?>
<language xmlns="http://www.woltlab.com" xmlns:xsi="http://www.w3.org/2001/XMLSchema-instance"
          xsi:schemaLocation="http://www.woltlab.com http://www.woltlab.com/XSD/6.0/language.xsd" languagecode="es">
    <import>
        <category name="wcf.acp.option">
            <item name="wcf.acp.option.lock_edit_mode"><![CDATA[Tipo de bloqueo de edición]]></item>
            <item name="wcf.acp.option.lock_edit_mode.lastPost"><![CDATA[Post más reciente]]></item>
            <item name="wcf.acp.option.lock_edit_mode.quitStarted"><![CDATA[Cuenta de usuario marcada para eliminación]]></item>
            <item name="wcf.acp.option.lock_edit_mode.both"><![CDATA[Post más reciente + Cuenta de usuario marcada para eliminación]]></item>
        </category>

        <category name="wbb.post">
            <item name="wbb.post.lockAfterReply"><![CDATA[Ya no es posible editar porque se han añadido nuevas respuestas en el tema.]]></item>
            <item name="wbb.post.lockAfterQuitStarted"><![CDATA[Ya no es posible editar.]]></item>
        </category>
    </import>
</language>
