<?xml version="1.0" encoding="UTF-8"?>
<language xmlns="http://www.woltlab.com" xmlns:xsi="http://www.w3.org/2001/XMLSchema-instance" xsi:schemaLocation="http://www.woltlab.com http://www.woltlab.com/XSD/maelstrom/language.xsd" languagecode="es">
	<category name="wcf.acp.option">
		<item name="wcf.acp.option.otu_blacklist_lifetime"><![CDATA[Período de gracia para renombre]]></item>
		<item name="wcf.acp.option.otu_blacklist_lifetime.description"><![CDATA[Período durante el cual no se pueden volver a usar los nombres de usuario. [-1 para infinito]]]></item>
	</category>

	<category name="wcf.acp.user">
		<item name="wcf.acp.user.otu.delete.sure"><![CDATA[¿Realmente quieres eliminar “{$entry->username}” de la lista negra?]]></item>
		<item name="wcf.acp.user.otu.list"><![CDATA[Nombres de usuario de un solo uso]]></item>
		<item name="wcf.acp.user.otu.list.expires"><![CDATA[Fecha de expiración]]></item>
		<item name="wcf.acp.user.otu.list.lastOwner"><![CDATA[Último uso por]]></item>
	</category>

	<category name="wcf.acp.menu">
		<item name="wcf.acp.menu.link.user.management.otu"><![CDATA[Nombres de usuario de un solo uso]]></item>
	</category>
</language>
