<?xml version="1.0" encoding="UTF-8"?>
<data xmlns="http://www.woltlab.com" xmlns:xsi="http://www.w3.org/2001/XMLSchema-instance" xsi:schemaLocation="http://www.woltlab.com http://www.woltlab.com/XSD/5.4/page.xsd">
	<import>
		<page identifier="com.woltlab.wcf.people.PersonList">
			<pageType>system</pageType>
			<controller>wcf\page\PersonListPage</controller>
			<name language="de">Personen-Liste</name>
			<name language="en">Person List</name>
			
			<content language="de">
				<title>Personen</title>
			</content>
			<content language="en">
				<title>People</title>
			</content>
		</page>
		<page identifier="com.woltlab.wcf.people.Person">
			<pageType>system</pageType>
			<controller>wcf\page\PersonPage</controller>
			<handler>wcf\system\page\handler\PersonPageHandler</handler>
			<name language="de">Person</name>
			<name language="en">Person</name>
			<requireObjectID>1</requireObjectID>
			<parent>com.woltlab.wcf.people.PersonList</parent>
		</page>
	</import>
</data>
