<?xml version="1.0" encoding="UTF-8"?>
<data xmlns="http://www.woltlab.com" xmlns:xsi="http://www.w3.org/2001/XMLSchema-instance" xsi:schemaLocation="http://www.woltlab.com http://www.woltlab.com/XSD/2019/objectType.xsd">
	<import>
		<type>
			<name>com.woltlab.example.foo</name>
			<definitionname>com.woltlab.wcf.notification.objectType</definitionname>
			<classname>example\system\user\notification\object\type\FooUserNotificationObjectType</classname>
			<category>com.woltlab.example</category>
		</type>
	</import>
</data>