<?xml version="1.0" encoding="UTF-8"?>
<data xmlns="http://www.woltlab.com" xmlns:xsi="http://www.w3.org/2001/XMLSchema-instance" xsi:schemaLocation="http://www.woltlab.com http://www.woltlab.com/XSD/tornado/page.xsd">
	<import>
		<page identifier="com.example.app.Example">
			<pageType>system</pageType>
			<controller>app\page\ExamplePage</controller>
			<name language="de">Beispiel-Seite</name>
			<name language="en">Example App</name>
			<allowSpidersToIndex>1</allowSpidersToIndex>
			
			<content language="en">
				<title>Hello World</title>
			</content>
			<content language="de">
				<title>Hello World</title>
			</content>
		</page>
	</import>
</data>
