<?xml version="1.0" encoding="UTF-8"?>
<data xmlns="http://www.woltlab.com" xmlns:xsi="http://www.w3.org/2001/XMLSchema-instance" xsi:schemaLocation="http://www.woltlab.com http://www.woltlab.com/XSD/2019/objectType.xsd">
	<import>
		<type>
			<name>com.woltlab.wcf.example</name>
			<definitionname>com.woltlab.wcf.bulkProcessing.user.condition</definitionname>
			<classname>wcf\system\condition\UserIntegerPropertyCondition</classname>
			<conditiongroup>contents</conditiongroup>
			<propertyname>example</propertyname>
			<minvalue>0</minvalue>
		</type>
	</import>
</data>
