<?xml version="1.0" encoding="UTF-8"?>
<data xmlns="http://www.woltlab.com" xmlns:xsi="http://www.w3.org/2001/XMLSchema-instance" xsi:schemaLocation="http://www.woltlab.com http://www.woltlab.com/XSD/2019/templatelistener.xsd">
	<import>
		<templatelistener name="example">
			<environment>user</environment>
			<templatename>headIncludeJavaScript</templatename>
			<eventname>javascriptInclude</eventname>
			<templatecode><![CDATA[{include file='__myCustomJavaScript' application='wcf'}]]></templatecode>
		</templatelistener>
	</import>

	<delete>
		<templatelistener name="oldTemplateListenerName">
			<environment>user</environment>
			<templatename>headIncludeJavaScript</templatename>
			<eventname>javascriptInclude</eventname>
		</templatelistener>
	</delete>
</data>
