<?xml version="1.0" encoding="UTF-8"?>
<data xmlns="http://www.woltlab.com" xmlns:xsi="http://www.w3.org/2001/XMLSchema-instance" xsi:schemaLocation="http://www.woltlab.com http://www.woltlab.com/XSD/5.4/userGroupOption.xsd">
	<import>
		<options>
			<option name="admin.content.canManagePeople">
				<categoryname>admin.content</categoryname>
				<optiontype>boolean</optiontype>
				<defaultvalue>0</defaultvalue>
				<admindefaultvalue>1</admindefaultvalue>
				<usersonly>1</usersonly>
			</option>
		</options>
	</import>
</data>
