<?xml version="1.0" encoding="UTF-8"?>
<style xmlns="http://www.woltlab.com" xmlns:xsi="http://www.w3.org/2001/XMLSchema-instance" xsi:schemaLocation="http://www.woltlab.com http://www.woltlab.com/XSD/5.4/style.xsd">
	<general>
		<stylename><![CDATA[WoltLab Suite Core 5.2]]></stylename>
		<packageName><![CDATA[com.woltlab.wcf]]></packageName>
		<date><![CDATA[2019-01-30]]></date>
		<version><![CDATA[5.2.0]]></version>
		<apiVersion><![CDATA[5.2]]></apiVersion>
		<image><![CDATA[stylePreview.png]]></image>
		<image2x><![CDATA[stylePreview@2x.png]]></image2x>
		<copyright><![CDATA[WoltLab GmbH]]></copyright>
		<license><![CDATA[GNU Lesser General Public License]]></license>
	</general>
	<author>
		<authorname><![CDATA[Alexander Ebert, Marcel Werk]]></authorname>
		<authorurl><![CDATA[https://www.woltlab.com]]></authorurl>
	</author>
	<files>
		<variables><![CDATA[variables.xml]]></variables>
		<images path="images/style-1/"><![CDATA[images.tar]]></images>
	</files>
</style>
