<?xml version="1.0" encoding="UTF-8"?>
<data xmlns="http://www.woltlab.com" xmlns:xsi="http://www.w3.org/2001/XMLSchema-instance" xsi:schemaLocation="http://www.woltlab.com http://www.woltlab.com/XSD/2019/aclOption.xsd">
	<import>
		<categories>
			<category name="user.example">
				<objecttype>com.example.wcf.example</objecttype>
			</category>
			<category name="mod.example">
				<objecttype>com.example.wcf.example</objecttype>
			</category>
		</categories>

		<options>
			<option name="canAddExample">
				<categoryname>user.example</categoryname>
				<objecttype>com.example.wcf.example</objecttype>
			</option>
			<option name="canDeleteExample">
				<categoryname>mod.example</categoryname>
				<objecttype>com.example.wcf.example</objecttype>
			</option>
		</options>
	</import>

	<delete>
		<optioncategory name="old.example">
			<objecttype>com.example.wcf.example</objecttype>
		</optioncategory>
		<option name="canDoSomethingWithExample">
			<objecttype>com.example.wcf.example</objecttype>
		</option>
	</delete>
</data>