<?xml version="1.0" encoding="UTF-8"?>
<data xmlns="http://www.woltlab.com" xmlns:xsi="http://www.w3.org/2001/XMLSchema-instance" xsi:schemaLocation="http://www.woltlab.com http://www.woltlab.com/XSD/5.4/eventListener.xsd">
	<import>
		<!-- admin -->
		<eventlistener name="createForm@wcf\acp\form\PersonAddForm">
			<environment>admin</environment>
			<eventclassname>wcf\acp\form\PersonAddForm</eventclassname>
			<eventname>createForm</eventname>
			<listenerclassname>wcf\system\event\listener\BirthdayPersonAddFormListener</listenerclassname>
			<inherit>1</inherit>
		</eventlistener>
		<!-- /admin -->
		
		<!-- user -->
		<eventlistener name="validateSortField@wcf\page\PersonListPage">
			<environment>user</environment>
			<eventclassname>wcf\page\PersonListPage</eventclassname>
			<eventname>validateSortField</eventname>
			<listenerclassname>wcf\system\event\listener\BirthdaySortFieldPersonListPageListener</listenerclassname>
		</eventlistener>
		<!-- /user -->
	</import>
</data>
