<?xml version="1.0" encoding="UTF-8"?>
<data xmlns="http://www.woltlab.com" xmlns:xsi="http://www.w3.org/2001/XMLSchema-instance" xsi:schemaLocation="http://www.woltlab.com http://www.woltlab.com/tornado/5.4/templateListener.xsd">
	<import>
		<!-- user -->
		<templatelistener name="personListBirthday">
			<eventname>personStatistics</eventname>
			<environment>user</environment>
			<templatecode><![CDATA[{include file='__personListBirthday'}]]></templatecode>
			<templatename>personList</templatename>
		</templatelistener>
		<templatelistener name="personListBirthdaySortField">
			<eventname>sortField</eventname>
			<environment>user</environment>
			<templatecode><![CDATA[{include file='__personListBirthdaySortField'}]]></templatecode>
			<templatename>personList</templatename>
		</templatelistener>
		<!-- /user -->
	</import>
</data>
